gap_nm,radius_nm,wavelength_nm,polarization_deg,solver_backend,Egap_Ex_real_V_per_m,Egap_Ex_imag_V_per_m,Egap_Ex_abs_V_per_m,Egap_Ex_phase_deg,Egap_Ey_real_V_per_m,Egap_Ey_imag_V_per_m,Egap_Ey_abs_V_per_m,Egap_Ey_phase_deg,Egap_Ez_real_V_per_m,Egap_Ez_imag_V_per_m,Egap_Ez_abs_V_per_m,Egap_Ez_phase_deg,Eparallel_real,Eparallel_imag,Eparallel_abs,Eparallel_phase_deg,Eperp_real,Eperp_imag,Eperp_abs,Eperp_phase_deg,Egap_total_abs,Egap_total_over_E0,Eparallel_over_E0,lmax_used,magnitude_convergence_percent,phase_convergence_deg,convergence_status
1.0,10.0,633.0,0,miepy_GMMT,20.95706772238645,0.3162049022247785,20.95945307160669,0.8644258808349251,3.2806466827230424e-14,2.3537047065965166e-13,2.3764579256581027e-13,82.06510636910888,2.419397147901403e-15,-1.734723475976807e-15,2.9770367981230093e-15,-35.64076908985229,20.95706772238645,0.3162049022247785,20.95945307160669,0.8644258808349251,3.2806466827230424e-14,2.3537047065965166e-13,2.3764579256581027e-13,82.06510636910888,20.95945307160669,20.95945307160669,20.95945307160669,16,0.32627496638047343,0.0015604611392348033,PASS
1.0,10.0,633.0,30,miepy_GMMT,18.149353036405255,0.27384147810409776,18.15141880942652,0.8644258807605988,-0.05426868242378019,-0.001614173858432833,0.05429268320186761,-178.29629013421268,-3.328240461009102e-14,3.1225022567582528e-15,3.3428557805763446e-14,174.6402895692945,18.149353036405255,0.27384147810409776,18.15141880942652,0.8644258807605988,-0.05426868242378019,-0.001614173858432833,0.05429268320186761,-178.29629013421268,18.15150000662899,18.15150000662899,18.15141880942652,16,0.32602582293087135,0.0015718253277157146,PASS
1.0,10.0,633.0,60,miepy_GMMT,10.478533861190668,0.1581024511142196,10.479726535800815,0.8644258808451422,-0.09399611522527862,-0.0027958311382627406,0.09403768579243928,-178.29629013239455,8.519335410739348e-15,-4.6351811278100286e-15,9.698658666448863e-15,-28.549629577610773,10.478533861190668,0.1581024511142196,10.479726535800815,0.8644258808451422,-0.09399611522527862,-0.0027958311382627406,0.09403768579243928,-178.29629013239455,10.480148441292085,10.480148441292085,10.479726535800815,16,0.3240011760906586,0.0016639033990202279,PASS
1.0,10.0,633.0,90,miepy_GMMT,5.5450816787161644e-12,1.4692158881006057e-12,5.7364210226831266e-12,14.839999143519494,-0.10881860416566891,-0.003229800683533812,0.10886652481373643,-178.2999263992474,-1.7567155801133373e-11,-4.1249472253072165e-11,4.48344055843084e-11,-113.06798568966715,5.5450816787161644e-12,1.4692158881006057e-12,5.7364210226831266e-12,14.839999143519494,-0.10881860416566891,-0.003229800683533812,0.10886652481373643,-178.2999263992474,0.10886652481373643,0.10886652481373643,5.7364210226831266e-12,17,0.2582597371669884,0.0036362671475274055,PASS
1.5,10.0,633.0,0,miepy_GMMT,13.952394527066083,0.17058530416088852,13.953437296411922,0.7004769683336354,3.0775280341705397e-16,6.127540714085575e-16,6.85696244731455e-16,63.33212797027093,1.0502666444867081e-15,1.942890293094024e-16,1.0680862565501717e-15,10.480674840424026,13.952394527066083,0.17058530416088852,13.953437296411922,0.7004769683336354,3.0775280341705397e-16,6.127540714085575e-16,6.85696244731455e-16,63.33212797027093,13.953437296411922,13.953437296411922,13.953437296411922,13,0.3109590573427684,0.0012840281967783085,PASS
1.5,10.0,633.0,30,miepy_GMMT,12.0831281040624,0.14773120691479413,12.084031168806174,0.7004769683296855,-0.054953772945425416,-0.0016828443042300424,0.05497953370018383,-178.24598479151115,-9.564289464580877e-16,8.215650382226158e-15,8.271134597659245e-15,96.64022639796313,12.0831281040624,0.14773120691479413,12.084031168806174,0.7004769683296855,-0.054953772945425416,-0.0016828443042300424,0.05497953370018383,-178.24598479151115,12.084156240209948,12.084156240209948,12.084031168806174,13,0.3095576760579545,0.0012979835156272657,PASS
1.5,10.0,633.0,60,miepy_GMMT,6.976197263532899,0.08529265208081596,6.976718648205822,0.700476968336702,-0.09518272680899897,-0.0029147718361173607,0.09522734574508078,-178.24598479153187,2.0934317647436362e-15,-2.5049406993105094e-15,3.2645343405606685e-15,-50.11378438355686,6.976197263532899,0.08529265208081596,6.976718648205822,0.700476968336702,-0.09518272680899897,-0.0029147718361173607,0.09522734574508078,-178.24598479153187,6.9773685113802415,6.9773685113802415,6.976718648205822,13,0.29807512492981303,0.001409376355780978,PASS
1.5,10.0,633.0,90,miepy_GMMT,-7.592862253023806e-16,-4.54345236966014e-16,8.848418877334193e-16,-149.10434463074563,-0.11117253066893529,-0.0033777613246595787,0.11122383218942658,-178.25971444270937,-6.214680734762105e-18,-3.3852920781009036e-18,7.076896147964586e-18,-151.4217645877437,-7.592862253023806e-16,-4.54345236966014e-16,8.848418877334193e-16,-149.10434463074563,-0.11117253066893529,-0.0033777613246595787,0.11122383218942658,-178.25971444270937,0.11122383218942657,0.11122383218942657,8.848418877334193e-16,16,0.21785276159963762,0.002707120870468316,PASS
2.0,10.0,633.0,0,miepy_GMMT,10.623355923578346,0.11278848174087464,10.623954646017676,0.6082881182950995,5.367467497239597e-17,3.493625312215042e-16,3.5346166546725945e-16,81.26559853128038,6.440160904563896e-16,1.3877787807814457e-17,6.441655980888543e-16,1.2344654764975571,10.623355923578346,0.11278848174087464,10.623954646017676,0.6082881182950995,5.367467497239597e-17,3.493625312215042e-16,3.5346166546725945e-16,81.26559853128038,10.623954646017674,10.623954646017674,10.623954646017676,12,0.2000044883078912,0.000763876050740464,PASS
2.0,10.0,633.0,30,miepy_GMMT,9.200096103262737,0.09767769044187458,9.200614612105012,0.6082881182950991,-0.05401199776275628,-0.001761234939580655,0.05404070549906236,-178.1323485604989,5.447573815653417e-16,0.0,5.447573815653417e-16,0.0,9.200096103262737,0.09767769044187458,9.200614612105012,0.6082881182950991,-0.05401199776275628,-0.001761234939580655,0.05404070549906236,-178.1323485604989,9.200773317408222,9.200773317408222,9.200614612105012,12,0.19906215903114557,0.0007726257045419516,PASS
2.0,10.0,633.0,60,miepy_GMMT,5.311677961789178,0.056394240870440246,5.3119773230088425,0.6082881182951307,-0.0935515243433902,-0.0030505483994186446,0.09360124760124261,-178.13234856049925,3.057721176952244e-16,1.3877787807814457e-17,3.060868846492134e-16,2.598645629320697,5.311677961789178,0.056394240870440246,5.3119773230088425,0.6082881182951307,-0.0935515243433902,-0.0030505483994186446,0.09360124760124261,-178.13234856049925,5.312801923064015,5.312801923064015,5.3119773230088425,12,0.1912861775276879,0.0008417311615005474,PASS
2.0,10.0,633.0,90,miepy_GMMT,-5.064937133858858e-16,-2.3158471169067027e-16,5.569267100689952e-16,-155.4286436478027,-0.10840803658178544,-0.003527026444098263,0.10846539683721762,-178.13655446008394,-1.1766291371364338e-15,-2.8773183534826334e-19,1.176629172317276e-15,-179.9859889416741,-5.064937133858858e-16,-2.3158471169067027e-16,5.569267100689952e-16,-155.4286436478027,-0.10840803658178544,-0.003527026444098263,0.10846539683721762,-178.13655446008394,0.10846539683721762,0.10846539683721762,5.569267100689952e-16,13,0.3540169033545602,0.004205899584832196,PASS
2.5,10.0,633.0,0,miepy_GMMT,8.651744030924023,0.08256055394300374,8.652137945138001,0.5467369007007002,-7.721513453217885e-17,-4.7339260633041266e-17,9.057142263487689e-17,-148.48826014869002,4.2240516640035253e-16,6.938893903907228e-18,4.224621555243963e-16,0.9411191227334413,8.651744030924023,0.08256055394300374,8.652137945138001,0.5467369007007002,-7.721513453217885e-17,-4.7339260633041266e-17,9.057142263487689e-17,-148.48826014869002,8.652137945138001,8.652137945138001,8.652137945138001,11,0.16027367359809247,0.0005716713550896202,PASS
2.5,10.0,633.0,30,miepy_GMMT,7.492630117820589,0.07149953706515676,7.492971257536806,0.5467369007006999,-0.04953354886794631,-0.0018253888351252765,0.049567171674936475,-177.8895158383041,3.631535176740197e-16,1.3877787807814457e-17,3.634185883983554e-16,2.188473765336549,7.492630117820589,0.07149953706515676,7.492971257536806,0.5467369007006999,-0.04953354886794631,-0.0018253888351252765,0.049567171674936475,-177.8895158383041,7.4931352030228675,7.4931352030228675,7.492971257536806,11,0.16026142429470214,0.0005785188360789562,PASS
2.5,10.0,633.0,60,miepy_GMMT,4.325872015462013,0.04128027697150346,4.3260689725690025,0.546736900700721,-0.08579462331847809,-0.0031616662060058183,0.08585285972847814,-177.88951583830416,2.149701857495634e-16,0.0,2.149701857495634e-16,0.0,4.325872015462013,0.04128027697150346,4.3260689725690025,0.546736900700721,-0.08579462331847809,-0.0031616662060058183,0.08585285972847814,-177.88951583830416,4.3269207837615635,4.3269207837615635,4.3260689725690025,11,0.16015984692747265,0.0006351912368813828,PASS
2.5,10.0,633.0,90,miepy_GMMT,-3.802117861959296e-16,4.939564439074338e-17,3.8340700573551867e-16,172.59781337646214,-0.09906709773589295,-0.003650777670250441,0.09913434334987328,-177.8895158383042,-3.579561235096668e-18,-3.733768393211693e-18,5.172454451220756e-18,-133.79205359368953,-3.802117861959296e-16,4.939564439074338e-17,3.8340700573551867e-16,172.59781337646214,-0.09906709773589295,-0.003650777670250441,0.09913434334987328,-177.8895158383042,0.0991343433498733,0.0991343433498733,3.8340700573551867e-16,11,0.16338216655924523,0.0012639789840704907,PASS
3.0,10.0,633.0,0,miepy_GMMT,7.343704978545569,0.06433380889508265,7.343986768158145,0.5019212304668754,-1.3527191629660465e-16,5.384829026359315e-18,1.3537905200657425e-16,177.72040515129626,2.951740414591786e-16,-2.0816681711721685e-17,2.9590716278730396e-16,-4.034015144274942,7.343704978545569,0.06433380889508265,7.343986768158145,0.5019212304668754,-1.3527191629660465e-16,5.384829026359315e-18,1.3537905200657425e-16,177.72040515129626,7.343986768158146,7.343986768158146,7.343986768158145,10,0.15466228716385141,0.0005177215181220163,PASS
3.0,10.0,633.0,30,miepy_GMMT,6.359835069318719,0.05571471282535515,6.3600791062817335,0.5019212304668781,-0.04145263301773744,-0.0018664595282969509,0.04149463164403302,-177.42192318148534,2.4058446207453343e-16,6.938893903907228e-18,2.406845064400746e-16,1.652056609609359,6.359835069318719,0.05571471282535515,6.3600791062817335,0.5019212304668781,-0.04145263301773744,-0.0018664595282969509,0.04149463164403302,-177.42192318148534,6.360214465143193,6.360214465143193,6.3600791062817335,10,0.1561295151824967,0.0005256916949747392,PASS
3.0,10.0,633.0,60,miepy_GMMT,3.6718524892727853,0.032166904447541875,3.6719933840790735,0.5019212304668839,-0.07179806649422793,-0.003232802733281658,0.07187081024881999,-177.4219231814851,1.3845261742639892e-16,1.3877787807814457e-17,1.3914639868375862e-16,5.723919803295854,3.6718524892727853,0.032166904447541875,3.6719933840790735,0.5019212304668839,-0.07179806649422793,-0.003232802733281658,0.07187081024881999,-177.4219231814851,3.6726966694904593,3.6726966694904593,3.6719933840790735,10,0.16827877970368255,0.000600561932628807,PASS
3.0,10.0,633.0,90,miepy_GMMT,-3.068222227169496e-16,2.9407166860583464e-16,4.2499179124965374e-16,136.21559451865602,-0.08291379254206799,-0.003734274542020787,0.08299784214101155,-177.42125315906478,-3.366956005724996e-20,-3.28424701028694e-18,3.2844195931477987e-18,-90.58736632897725,-3.068222227169496e-16,2.9407166860583464e-16,4.2499179124965374e-16,136.21559451865602,-0.08291379254206799,-0.003734274542020787,0.08299784214101155,-177.42125315906478,0.08299784214101157,0.08299784214101157,4.2499179124965374e-16,11,0.010336236129482493,0.0006700224207349947,PASS
4.0,10.0,633.0,0,miepy_GMMT,5.705580077149332,0.04377685908597776,5.705748016706908,0.4396012350145281,-1.8497523040041748e-16,-3.130349687143569e-17,1.8760528984564247e-16,-170.39479694645993,1.612208630485945e-16,1.3877787807814457e-17,1.618170561979558e-16,4.9198561487484245,5.705580077149332,0.04377685908597776,5.705748016706908,0.4396012350145281,-1.8497523040041748e-16,-3.130349687143569e-17,1.8760528984564247e-16,-170.39479694645993,5.705748016706908,5.705748016706908,5.705748016706908,8,0.2273366257799371,0.0006858005780827625,PASS
4.0,10.0,633.0,30,miepy_GMMT,4.941177290137696,0.03791187206634877,4.941322730060857,0.43960123501453313,-0.016766334315319986,-0.001876902761139263,0.016871061921166927,-173.61263223398157,1.3731420514528914e-16,-3.469446951953614e-18,1.3735802851247892e-16,-1.447354864136642,4.941177290137696,0.03791187206634877,4.941322730060857,0.43960123501453313,-0.016766334315319986,-0.001876902761139263,0.016871061921166927,-173.61263223398157,4.941351531245923,4.941351531245923,4.941322730060857,8,0.23551850174814096,0.0007106246441708208,PASS
4.0,10.0,633.0,60,miepy_GMMT,2.855843832041907,0.021928431456247566,2.8559280188964733,0.43993367866422894,-0.028620948020566583,-0.003248447151947218,0.02880470576997738,-173.5247000592006,8.348356728138384e-17,0.0,8.348356728138384e-17,0.0,2.855843832041907,0.021928431456247566,2.8559280188964733,0.43993367866422894,-0.028620948020566583,-0.003248447151947218,0.02880470576997738,-173.5247000592006,2.8560732764045866,2.8560732764045866,2.8559280188964733,9,0.13469795817979197,0.00045542945730403517,PASS
4.0,10.0,633.0,90,miepy_GMMT,-1.6253029851393046e-16,2.2446280365873754e-17,1.640729515712165e-16,172.13689394442437,-0.032845574128362864,-0.003750284004024681,0.03305898319568561,-173.48621793442507,-1.7418173773139517e-18,-3.1588584187812112e-18,3.607258555443148e-18,-118.87265980528967,-1.6253029851393046e-16,2.2446280365873754e-17,1.640729515712165e-16,172.13689394442437,-0.032845574128362864,-0.003750284004024681,0.03305898319568561,-173.48621793442507,0.03305898319568561,0.03305898319568561,1.640729515712165e-16,11,0.13071269375693817,0.008499615232778979,PASS
5.0,10.0,633.0,0,miepy_GMMT,4.723442214637514,0.03279477746377201,4.723556060051436,0.3977972126670998,-1.8572390026557237e-16,-2.5535288105423353e-17,1.8747111262400735e-16,-172.17145279687188,9.980080997729068e-17,-4.5102810375396984e-17,1.0951924568714989e-16,-24.319557109584746,4.723442214637514,0.03279477746377201,4.723556060051436,0.3977972126670998,-1.8572390026557237e-16,-2.5535288105423353e-17,1.8747111262400735e-16,-172.17145279687188,4.723556060051436,4.723556060051436,4.723556060051436,8,0.09982112675334129,0.00029577929808510817,PASS
5.0,10.0,633.0,30,miepy_GMMT,4.090620951183914,0.028401110395084132,4.090719544204474,0.39779721266710233,0.015580086973918439,-0.0018063226175202888,0.01568444807806218,-6.61322723523099,8.584170700653981e-17,6.938893903907228e-18,8.612169825547048e-17,4.621375933601442,4.090620951183914,0.028401110395084132,4.090719544204474,0.39779721266710233,0.015580086973918439,-0.0018063226175202888,0.01568444807806218,-6.61322723523099,4.090749612387438,4.090749612387438,4.090719544204474,8,0.10446930587552782,0.0003125832406851714,PASS
5.0,10.0,633.0,60,miepy_GMMT,2.3617211073187536,0.01639738873188567,2.3617780300257145,0.39779721266709217,0.026985502225167934,-0.003128642548406258,0.02716626095987892,-6.613227235231852,4.087442190270352e-17,1.734723475976807e-18,4.0911216449994665e-17,2.4301927480471726,2.3617211073187536,0.01639738873188567,2.3617780300257145,0.39779721266709217,0.026985502225167934,-0.003128642548406258,0.02716626095987892,-6.613227235231852,2.3619342642941366,2.3619342642941366,2.3617780300257145,8,0.14093294043966242,0.00049435278114629,PASS
5.0,10.0,633.0,90,miepy_GMMT,-1.2354865615232364e-16,1.0598088269731248e-17,1.2400237865467788e-16,175.09713095507175,0.031522490408523174,-0.0036102420012340377,0.03172855573238262,-6.533565741185891,-1.8032405005767675e-18,-2.6008989344574904e-18,3.164862014398489e-18,-124.73412418031015,-1.2354865615232364e-16,1.0598088269731248e-17,1.2400237865467788e-16,175.09713095507175,0.031522490408523174,-0.0036102420012340377,0.03172855573238262,-6.533565741185891,0.03172855573238262,0.03172855573238262,1.2400237865467788e-16,11,0.08473001218562329,0.005816718016575351,PASS
6.0,10.0,633.0,0,miepy_GMMT,4.056347998170268,0.025949809333566533,4.056431002108182,0.3665351868456851,-1.7689231175957415e-16,-1.178046796830556e-17,1.7728414871386175e-16,-176.1899085822896,6.451002926288751e-17,-3.469446951953614e-18,6.460325794920116e-17,-3.078487848825348,4.056347998170268,0.025949809333566533,4.056431002108182,0.3665351868456851,-1.7689231175957415e-16,-1.178046796830556e-17,1.7728414871386175e-16,-176.1899085822896,4.056431002108182,4.056431002108182,4.056431002108182,7,0.11805773127405408,0.00034219566600768303,PASS
6.0,10.0,633.0,30,miepy_GMMT,3.512900413005614,0.022473194106233316,3.5129722965244614,0.36653518684571956,0.050490103925704966,-0.0016890429765299012,0.05051834776202655,-1.915998390948968,5.580930682869134e-17,3.469446951953614e-18,5.591704383147802e-17,3.5572773614692093,3.512900413005614,0.022473194106233316,3.5129722965244614,0.36653518684571956,0.050490103925704966,-0.0016890429765299012,0.05051834776202655,-1.915998390948968,3.5133355176539793,3.5133355176539793,3.5129722965244614,7,0.12503837168142753,0.00037053388189178804,PASS
6.0,10.0,633.0,60,miepy_GMMT,2.028173999085135,0.012974904666783398,2.028215501054092,0.3665351868456887,0.08745142527875371,-0.0029255082515169785,0.08750034503826336,-1.9159983909488547,3.249218385667496e-17,-1.734723475976807e-18,3.253845843481332e-17,-3.056059885557596,2.028173999085135,0.012974904666783398,2.028215501054092,0.3665351868456887,0.08745142527875371,-0.0029255082515169785,0.08750034503826336,-1.9159983909488547,2.0301020735662325,2.0301020735662325,2.028215501054092,7,0.17700214533500724,0.0006642088185628836,PASS
6.0,10.0,633.0,90,miepy_GMMT,-8.184467747118032e-17,2.4997689807656334e-17,8.557707476936411e-17,163.01583971388243,0.10145475192243736,-0.003374402660203514,0.1015108530205342,-1.9049653304549587,1.7330823504493016e-18,-2.2647067805869593e-18,2.8517488030111324e-18,-52.57472946672012,-8.184467747118032e-17,2.4997689807656334e-17,8.557707476936411e-17,163.01583971388243,0.10145475192243736,-0.003374402660203514,0.1015108530205342,-1.9049653304549587,0.1015108530205342,0.1015108530205342,8.557707476936411e-17,9,0.12018309281472421,0.002814033613731226,PASS
