gap_nm,polarization_deg,lmax,Egap_real,Egap_imag,Egap_abs,Egap_phase_deg,relative_magnitude_change,phase_change_deg,convergence_status
1.0,0,1,6.620742288735411,0.049024842433003535,6.620923794231813,0.42425231253095613,,,PENDING
1.0,0,2,8.759175911289883,0.08076374651646079,8.759548243355495,0.5282792273964824,0.24414780188532242,0.1040269148655284,PENDING
1.0,0,3,11.107713133685298,0.11931290461953284,11.108353911784302,0.6154158734299292,0.21144497979462792,0.08713664603345705,PENDING
1.0,0,4,13.308390292830579,0.1585882032211985,13.309335160123819,0.682727547680716,0.16537123919862579,0.06731167425078866,PENDING
1.0,0,5,15.185576871384537,0.19426302284796834,15.186819385202915,0.7329220555821929,0.12362590068782926,0.05019450790146607,PENDING
1.0,0,6,16.69354927686559,0.2242922305152762,16.695055988639545,0.7697718896717038,0.09034031419019724,0.036849834089508704,PENDING
1.0,0,7,17.85952551441752,0.24833416657338622,17.861251956635574,0.7966383398585191,0.0652919499051565,0.026866450186815882,PENDING
1.0,0,8,18.739267086798108,0.26695937043616813,18.741168540297014,0.8161797652777951,0.0469509989075364,0.019541425419276948,PENDING
1.0,0,9,19.392583753543477,0.2810779771560954,19.394620632212444,0.8303924019619261,0.033692439997001736,0.014212636684135305,PENDING
1.0,0,10,19.872669117586387,0.29162574283467646,19.87480876463861,0.8407388514833383,0.024160641650073044,0.010346449521421164,PENDING
1.0,0,11,20.222919630930548,0.2994276159290049,20.2251362244178,0.848279351006669,0.017321389378640653,0.007540499523344124,PENDING
1.0,0,12,20.477134018320854,0.3051579559294705,20.47940768143308,0.8537800656047778,0.012415957578978606,0.005500714598099421,PENDING
1.0,0,13,20.660934912956026,0.30934517231353853,20.663250613420892,0.8577950901834727,0.00889709636819701,0.004015024578706061,PENDING
1.0,0,14,20.793426283487193,0.3123928604858042,20.79577278934588,0.8607261617651557,0.006372553560158166,0.0029310715816848187,PENDING
1.0,0,15,20.888698632774208,0.3146042973370923,20.891067623143773,0.8628654196957027,0.004561510953720874,0.002139257930537042,PENDING
1.0,0,16,20.95706772238645,0.3162049022247785,20.95945307160669,0.8644258808349251,0.0032627496638047344,0.0015604611392348033,PASS
1.0,30,1,4.760652773405442,0.03462947935319527,4.760778720941901,0.41676805980219,,,PENDING
1.0,30,2,6.43045832021889,0.058998378916885454,6.4307289646499,0.5256644388970765,0.2596828839915062,0.1088963790948867,PENDING
1.0,30,3,8.243406654868185,0.08831956360212209,8.243879767611846,0.6138414425321225,0.21993901586063455,0.0881770036350531,PENDING
1.0,30,4,9.927278179161636,0.11802086647470239,9.927979702405834,0.6811312093081408,0.16963168592960381,0.06728976677601395,PENDING
1.0,30,5,11.353773020058659,0.1448993762466237,11.35469760144446,0.7311817849615115,0.12565001280678142,0.050050575653358464,PENDING
1.0,30,6,12.493637099432915,0.1674685790489752,12.494759449356966,0.7679643717370713,0.09124320100225525,0.03678258677555846,PENDING
1.0,30,7,13.37143413839205,0.1855079670566155,13.372720894537425,0.7948393289497696,0.06565316453580468,0.026874957212697836,PENDING
1.0,30,8,14.031762100683077,0.19946779497159792,14.033179791173374,0.81443036028749,0.04706409427258723,0.01959103133771123,PENDING
1.0,30,9,14.521103905603871,0.21004279566199494,14.522622924711413,0.8287060388917633,0.03370211676467975,0.01427567860426393,PENDING
1.0,30,10,14.880200010499998,0.2179404230236647,14.881795939350596,0.8391132943232626,0.024135058436694026,0.010407255431488238,PENDING
1.0,30,11,15.141978189531121,0.2237814035656101,15.14363171794725,0.8467055250628163,0.017290157570745902,0.007592230739561501,PENDING
1.0,30,12,15.331919348130176,0.22807175103541233,15.333615608237634,0.8522471787183254,0.01239002562372313,0.005541653655512846,PENDING
1.0,30,13,15.469254434786587,0.23120730012479543,15.470982179027791,0.8562931229558698,0.008878981903060327,0.00404594423753224,PENDING
1.0,30,14,15.568278987313061,0.23349009418467861,15.570029808927655,0.8592468084814222,0.0063614284054274405,0.002953685525540095,PENDING
1.0,30,15,15.63951728294504,0.2351469917699268,15.641284952051574,0.8614022311324653,0.004555581164997104,0.0021554226510431818,PENDING
1.0,30,16,15.6906664505673,0.2363465897188124,15.69244637949832,0.8629740564601928,0.0032602582293087133,0.0015718253277157146,PASS
1.0,60,1,1.0404745015463515,0.0058387772953909295,1.0404908840006402,0.3215204068129085,,,PENDING
1.0,60,2,1.7730251299602238,0.015467674361745253,1.7730925978133882,0.4998293387137841,0.4131773573000116,0.1783089319008866,PENDING
1.0,60,3,2.514794154413142,0.026332905041896726,2.514932019152497,0.5999334692629616,0.29497394589182574,0.10010413054916967,PENDING
1.0,60,4,3.1650540657369204,0.03688621377603651,3.1652689983324547,0.6677069816959447,0.20546025614965807,0.06777351243297858,PENDING
1.0,60,5,3.6901653174407,0.04617208304428671,3.6904541632832766,0.716858791258419,0.14230908763911643,0.049151809562488324,PENDING
1.0,60,6,4.093812744566196,0.05382127611412261,4.094166522912223,0.7532230985904413,0.0986067267585838,0.036364307332036105,PENDING
1.0,60,7,4.395251386341096,0.059855568023071216,4.395658931054216,0.7802191830460924,0.06858867188535155,0.026996084455646496,PENDING
1.0,60,8,4.616752128453057,0.06448464404245602,4.617202452231559,0.8002287330301125,0.04798219776355433,0.02000954998402449,PENDING
1.0,60,9,4.778144209724645,0.06797243267379474,4.77862766288908,0.8150174342932639,0.03378066299476576,0.014788701263142912,PENDING
1.0,60,10,4.8952617963272935,0.07056978340164373,4.895770434662033,0.8259151109504898,0.023927341638321744,0.010897676657236843,PENDING
1.0,60,11,4.980095306732294,0.07248897883880988,4.980622844202331,0.8339236520465407,0.017036505713149793,0.008008541096046429,PENDING
1.0,60,12,5.041490007748838,0.07389934124740571,5.042031595584083,0.8397948110080836,0.012179366633786185,0.0058711589615541016,PENDING
1.0,60,13,5.085893478451487,0.0749315557475888,5.086445439813753,0.8440898954450123,0.008731803919889492,0.004295084436932939,PENDING
1.0,60,14,5.117984394966297,0.07568456158543344,5.118543974606539,0.8472260873337177,0.006271028431528492,0.0031361918887000684,PENDING
1.0,60,15,5.141154583234942,0.07623238063526143,5.141719734152667,0.8495122126157706,0.0045073945575422845,0.0022861252820405298,PENDING
1.0,60,16,5.157863906953194,0.07662996476668273,5.158433118123236,0.8511761160147854,0.003240011760906586,0.0016639033990202279,PASS
1.0,90,1,-0.819614629833739,-0.00855657370618677,0.8196592928717922,-179.40186798398955,,,PENDING
1.0,90,2,-0.5556956157443622,-0.0062978165192330736,0.5557313018450696,-179.350682552154,0.4749201460318357,0.0511854318355347,PENDING
1.0,90,3,-0.34951217009346247,-0.00466042567221152,0.34954323997309356,-179.23605836669083,0.5898785566210566,0.11462418546318531,PENDING
1.0,90,4,-0.21605798936245368,-0.003681112558148801,0.2160893457739458,-179.02391108153412,0.617586645566301,0.21214728515670345,PENDING
1.0,90,5,-0.14163853388126846,-0.0031915635580962646,0.14167448732210255,-178.70916355055093,0.5252523574174518,0.3147475309831975,PENDING
1.0,90,6,-0.1060994328676923,-0.003002375353773257,0.10614190460233362,-178.37909084870975,0.33476488718469555,0.3300727018411749,PENDING
1.0,90,7,-0.09283998968438167,-0.0029706314937015064,0.09288750365935919,-178.16731349821276,0.14269304718944228,0.21177735049698754,PENDING
1.0,90,8,-0.09075285766195784,-0.0030069314221156463,0.09080265860859409,-178.10230244418844,0.022960176306641537,0.06501105402432472,PENDING
1.0,90,9,-0.09333563821496771,-0.003062748820305852,0.09338587575930113,-178.12055031027927,0.027661754303886336,0.01824786609083162,PENDING
1.0,90,10,-0.09720731075906008,-0.0031155364093650357,0.09725722508958683,-178.16427385142273,0.039805262043202144,0.04372354114346422,PENDING
1.0,90,11,-0.10084613466712233,-0.003157233524586197,0.10089554499990644,-178.20680198485735,0.0360602632189854,0.042528133434615256,PENDING
1.0,90,12,-0.10372466244182621,-0.0031868636466127302,0.10377360790958795,-178.2401830956501,0.027734054618097158,0.03338111079276018,PENDING
1.0,90,13,-0.1057869997160199,-0.0032063164410339297,0.10583557896112837,-178.26394380209018,0.019482777642268558,0.023760706440072,PENDING
1.0,90,14,-0.10716290120486205,-0.003218204715996666,0.1072112132019645,-178.27986976235164,0.012831066823623285,0.01592596026145543,PENDING
1.0,90,15,-0.10802676662000588,-0.003224924931977186,0.10807489276973678,-178.29005595161922,0.00799149132271106,0.010186189267585632,PENDING
1.0,90,16,-0.10853736485659171,-0.0032283477211401874,0.10858536641288964,-178.29629013209987,0.004701127417223191,0.006234180480646501,PENDING
1.0,90,17,-0.10881860416566891,-0.003229800683533812,0.10886652481373643,-178.2999263992474,0.002582597371669884,0.0036362671475274055,PASS
1.5,0,1,6.116255136564284,0.04376249709625711,6.116411697368081,0.4099507853206384,,,PENDING
1.5,0,2,7.766386644009834,0.06728138193531996,7.766678072935008,0.4963495854336083,0.21248033716212672,0.08639880011295986,PENDING
1.5,0,3,9.391826510069938,0.09217844673865631,9.392278853467651,0.5623258030334348,0.17307841961405007,0.0659762175998253,PENDING
1.5,0,4,10.747124829460638,0.11414277321486396,10.747730954610212,0.6085025888831987,0.12611518718387185,0.04617678584975238,PENDING
1.5,0,5,11.774603722967608,0.13147117446205747,11.775337681044952,0.6397183790239928,0.0872677076674331,0.031215790140805666,PENDING
1.5,0,6,12.509562650962742,0.1442382573639386,12.510394174175703,0.6606048042746391,0.05875566212358634,0.02088642525063733,PENDING
1.5,0,7,13.01726961888099,0.15326517704854659,13.018171858795602,0.6745686538518136,0.03900529891044757,0.013963849577180554,PENDING
1.5,0,8,13.360761678292258,0.15949162406782627,13.361713595279266,0.6839252971566714,0.025710904071842837,0.009356643304869294,PENDING
1.5,0,9,13.590273881245789,0.16372223409800418,13.591260027576896,0.6902097297034777,0.01688926794365468,0.006284432546806329,PENDING
1.5,0,10,13.742472238007291,0.16656976930421638,13.743481680434808,0.6944367274096414,0.011075916306900236,0.004226997706155089,PENDING
1.5,0,11,13.842923215221187,0.16847453684728217,13.843948382310431,0.697280712682687,0.007257084402597025,0.002843985273045746,PENDING
1.5,0,12,13.909012100092855,0.169743145559771,13.910047819328085,0.6991929401368614,0.004751920185767299,0.001912227454170079,PENDING
1.5,0,13,13.952394527066083,0.17058530416088852,13.953437296411922,0.7004769683336354,0.003109590573427684,0.0012840281967783085,PASS
1.5,30,1,4.410099357853238,0.030819160196469887,4.410207043526728,0.4003943946933838,,,PENDING
1.5,30,2,5.703551354923638,0.048941126049129924,5.7037613284630195,0.4916324887687598,0.22678969375544736,0.0912380940753792,PENDING
1.5,30,3,6.964994759984016,0.06795601239986014,6.96532626846913,0.5590053250688477,0.1811207244830733,0.06737283630008051,PENDING
1.5,30,4,8.008319635418967,0.08463180922694437,8.008766816818305,0.6054784519775964,0.13028729293977742,0.04647312690875083,PENDING
1.5,30,5,8.793773348084269,0.09773084181995022,8.794316404071441,0.6367385217094701,0.08932469007931715,0.031260069731871454,PENDING
1.5,30,6,9.352214829760516,0.1073493624972545,9.352830914093396,0.6576405064526052,0.05971609186052446,0.02090198474314775,PENDING
1.5,30,7,9.735962922394602,0.11413194691760611,9.736631867722515,0.671631496096541,0.03941824635492705,0.013990989643929197,PENDING
1.5,30,8,9.994437382388714,0.11880056699091432,9.995143428946196,0.6810238812152822,0.025863717020310584,0.009392385118729862,PENDING
1.5,30,9,10.166518376629385,0.12196774279322567,10.167249973942072,0.6873446150461816,0.016927541413555493,0.006320733830904146,PENDING
1.5,30,10,10.280312712119148,0.12409718491913688,10.281061694701739,0.6916034378174809,0.011070035774449162,0.004258822771305404,PENDING
1.5,30,11,10.35526552435552,0.12552065418160097,10.356026241494957,0.6944729241341836,0.0072387366587434105,0.0028694863167118,PENDING
1.5,30,12,10.404513902145023,0.12646841100716139,10.405282494911502,0.6964044093938812,0.004733773776986082,0.0019314852596892251,PENDING
1.5,30,13,10.436819008827028,0.12709755596783204,10.43759286482023,0.6977023929095002,0.0030955767605795447,0.0012979835156272657,PASS
1.5,60,1,0.9977883289386871,0.004932504022309321,0.9978005206263363,0.2832357852187778,,,PENDING
1.5,60,2,1.5778445407858075,0.012260429320034759,1.5778921740773948,0.4452002078438492,0.36763706860403333,0.1619644226250614,PENDING
1.5,60,3,2.111331383398952,0.01951115024069383,2.111421534300777,0.5294643701814877,0.2526872780048949,0.08426416233763234,PENDING
1.5,60,4,2.530709227887807,0.02560988200691145,2.5308388060429508,0.5797932259657942,0.16572263343707236,0.050328855784300686,PENDING
1.5,60,5,2.8321125983199154,0.030250176521731564,2.832274146819474,0.6119606748057517,0.10642873011252194,0.0321674488399708,PENDING
1.5,60,6,3.0375191873518705,0.03357157276348269,3.0377047032304807,0.6332243508730953,0.06762690138792603,0.021263676067349024,PENDING
1.5,60,7,3.173349529421805,0.03586548665572247,3.173552200455295,0.6475345705507263,0.042806132889613366,0.01431021967763968,PENDING
1.5,60,8,3.2617887905816194,0.03741845283709081,3.2620034112454,0.6572545069764902,0.02711560953160843,0.009719936425767628,PENDING
1.5,60,9,3.319007367396571,0.03845876018366533,3.319230178982407,0.663881030245715,0.01724097596465912,0.0066265232692330756,PENDING
1.5,60,10,3.355993660342862,0.03915201614897856,3.3562220320816096,0.6683992133760874,0.011021873030330951,0.004518183130386433,PENDING
1.5,60,11,3.379950142624206,0.0396128888502448,3.380182265439018,0.6714736432021889,0.007088444194974886,0.0030744298261140557,PENDING
1.5,60,12,3.3955175062488054,0.03991894190193948,3.3957521489597378,0.673559045367674,0.0045851059905799,0.002085402165477035,PENDING
1.5,60,13,3.405667972348383,0.04012205958409494,3.405904302464298,0.6749684217234615,0.0029807512492981306,0.001409376355780978,PASS
1.5,90,1,-0.7083671827874705,-0.008010824045757727,0.7084124779760375,-179.35207777228402,,,PENDING
1.5,90,2,-0.48501046108820045,-0.006079970568638746,0.4850485680909741,-179.28179197088642,0.4604980296389,0.07028580139760265,PENDING
1.5,90,3,-0.31550029458849305,-0.004711283905795661,0.3155354688168462,-179.14448060079692,0.5372235961609833,0.1373113700894919,PENDING
1.5,90,4,-0.20809597143764158,-0.0039010813861276666,0.2081325341328379,-178.92602764313256,0.5160314562617095,0.21845295766436834,PENDING
1.5,90,5,-0.14871777662347774,-0.0034901561020838404,0.14875872503301288,-178.65561119202846,0.3991282466735893,0.2704164511040972,PENDING
1.5,90,6,-0.11982863385336762,-0.003317322103447379,0.11987454324043308,-178.41423526249653,0.2409534252376389,0.24137592953192666,PENDING
1.5,90,7,-0.1079571670645969,-0.003267743475216817,0.10800661122372607,-178.2662497876843,0.10988153301211946,0.14798547481223068,PENDING
1.5,90,8,-0.10453550532192879,-0.0032726042398218995,0.10458671909674527,-178.2068753616971,0.03269910516857605,0.05937442598721532,PENDING
1.5,90,9,-0.10474813721983578,-0.003295731121114041,0.10479997182560798,-178.19787525834408,0.0020348548300906594,0.009000103353002942,PENDING
1.5,90,10,-0.10616586554527574,-0.0033205682361024725,0.1062177818464883,-178.2085339637766,0.01334814186695607,0.0106587054325189,PENDING
1.5,90,11,-0.1077075482414549,-0.0033409938154368383,0.1077593531340093,-178.22330479053045,0.014305684311262687,0.014770826753846222,PENDING
1.5,90,12,-0.1089806916993441,-0.003355792650595895,0.10903234615278753,-178.23627454020408,0.011675370325374619,0.012969749673629849,PENDING
1.5,90,13,-0.1099075458908112,-0.0033656886084489296,0.10995906740032771,-178.24598479151632,0.008427874748757757,0.009710251312242235,PENDING
1.5,90,14,-0.1105321367872969,-0.003371919168055246,0.11058355710340308,-178.25266348170817,0.0056472202507595924,0.006678690191847636,PENDING
1.5,90,15,-0.11093017887154133,-0.0033756440303194845,0.11098152799944497,-178.2570073218389,0.00358592013658238,0.004343840130729859,PENDING
1.5,90,16,-0.11117253066893529,-0.0033777613246595787,0.11122383218942658,-178.25971444270937,0.0021785276159963763,0.002707120870468316,PASS
2.0,0,1,5.676679309229627,0.0393380308662257,5.676815609169298,0.39703970271776473,,,PENDING
2.0,0,2,6.9689303467474755,0.05713204900508369,6.969164530188781,0.4697065099635875,0.1854381418922357,0.07266680724580965,PENDING
2.0,0,3,8.128464989637502,0.07392550807886862,8.128801145833702,0.5210704410736493,0.14265776648248746,0.051363931110074645,PENDING
2.0,0,4,9.007036518362337,0.08714382765600397,9.007458070388742,0.5543241376960968,0.09754771187262591,0.033253696622438156,PENDING
2.0,0,5,9.613385051706741,0.09650553113212121,9.613869432747551,0.5751536919703338,0.06307672125161187,0.020829554274229167,PENDING
2.0,0,6,10.009162772655717,0.10274110125266647,10.009690062304811,0.5881036091035053,0.03954374482061828,0.012949917133170175,PENDING
2.0,0,7,10.259194608954527,0.10675079930447123,10.25974998513871,0.5961627363156219,0.02437290608407722,0.008059127212106887,PENDING
2.0,0,8,10.41416631089728,0.10927742460691586,10.414739627400992,0.6011912291052302,0.014881758719585077,0.0050284927896200315,PENDING
2.0,0,9,10.509158479154804,0.11085067377314174,10.50974308971762,0.6043338525262794,0.009039560863250407,0.003142623421041435,PENDING
2.0,0,10,10.567010670401718,0.11182319587680575,10.567602326711574,0.6062980561838217,0.005475152755105474,0.0019642036575362454,PENDING
2.0,0,11,10.602110234685732,0.11242155077819842,10.602706259889846,0.6075242422443451,0.0033108465251999327,0.0012261860605349284,PENDING
2.0,0,12,10.623355923578346,0.11278848174087464,10.623954646017676,0.6082881182950995,0.002000044883078912,0.000763876050740464,PASS
2.0,30,1,4.106136951996333,0.02762909021116648,4.106229905299462,0.3855220585783441,,,PENDING
2.0,30,2,5.122695658276824,0.04138781194059705,5.122862847891349,0.46289990876137227,0.19845015819823264,0.07737785018304066,PENDING
2.0,30,3,6.027207233323455,0.0542686381847492,6.027451544269519,0.5158740665788423,0.1500781366277744,0.0529741578174594,PENDING
2.0,30,4,6.707690097925963,0.06434886269188049,6.7079987496975395,0.549638563666017,0.10145309067905024,0.033764497087162226,PENDING
2.0,30,5,7.174181575676861,0.07145468145853245,7.174537410334109,0.5706457608725921,0.06502700229349606,0.02100719720658617,PENDING
2.0,30,6,7.476733751352438,0.07616844852990505,7.477121720365675,0.5836746115489261,0.04046801982738995,0.013028850676334969,PENDING
2.0,30,7,7.66671471464869,0.0791886569226969,7.667123669225375,0.591780789445991,0.024781385700394745,0.00810617789707635,PENDING
2.0,30,8,7.783805798617613,0.08108580536853112,7.784228132475656,0.5968425346152462,0.015043811827883547,0.005061745169257392,PENDING
2.0,30,9,7.85521845714224,0.08226399209433417,7.8556492012960595,0.600009697818913,0.009091682557390698,0.0031671632036704978,PENDING
2.0,30,10,7.8985235797620374,0.08299077739748738,7.898959564980058,0.6019917852594104,0.005483046637688134,0.001982087440495661,PENDING
2.0,30,11,7.924705517139813,0.0834372438657402,7.925144749911518,0.6032306536291039,0.003304063932933543,0.0012388683696826774,PENDING
2.0,30,12,7.940510943802375,0.0837107438358655,7.94095218077019,0.6040032793336367,0.0019906215903114557,0.0007726257045419516,PASS
2.0,60,1,0.9650526106655444,0.004211221985860341,0.9650617989242953,0.25002130682762563,,,PENDING
2.0,60,2,1.4302099489614426,0.009899331012645042,1.4302442081206936,0.39657172708849786,0.32524684005372534,0.14655042026086562,PENDING
2.0,60,3,1.824691586408208,0.014954894172954288,1.8247528693959156,0.46957696350408834,0.21619840576320018,0.07300523641558243,PENDING
2.0,60,4,2.1089972525278755,0.01875893281199201,2.109080678573101,0.509616280216511,0.13481125310462155,0.040039316712409345,PENDING
2.0,60,5,2.295774623614649,0.021352982106625673,2.2958739234282506,0.5328922381120825,0.0813604104951137,0.023275957895577903,PENDING
2.0,60,6,2.411875708745685,0.023023143084388038,2.4119855927337097,0.5469141135270829,0.04813945392346222,0.014021875415011209,PENDING
2.0,60,7,2.481754926037019,0.024064372159147317,2.481871593559269,0.5555519350610421,0.028158588464818633,0.008637821533966417,PENDING
2.0,60,8,2.523084774058274,0.02470256689176128,2.5232056978961768,0.5609433419414858,0.01638158330546413,0.0053914068804488124,PENDING
2.0,60,9,2.5473384131171013,0.02509062873671907,2.5474619782427284,0.5643304544490233,0.009521743819424491,0.003387112507539314,PENDING
2.0,60,10,2.561549398482663,0.025325940438853375,2.5616745937230214,0.566462712499541,0.005548173649814397,0.0021322580505227506,PENDING
2.0,60,11,2.5698960820479644,0.025468630040817796,2.570022280767549,0.5678039866409379,0.0032480990950920943,0.0013412741413958429,PENDING
2.0,60,12,2.574820984250455,0.025555268025849627,2.5749477999874784,0.5686457178024285,0.001912861775276879,0.0008417311615005474,PASS
2.0,90,1,-0.6054895583318571,-0.007497712113511324,0.6055359782340307,-179.29054878131382,,,PENDING
2.0,90,2,-0.41604043383253875,-0.005845077152125863,0.41608149142984163,-179.19508732149174,0.45533024348941586,0.09546145982207577,PENDING
2.0,90,3,-0.27656620585872727,-0.0047019786832921484,0.27660617279198607,-179.0259924160378,0.504237910636738,0.1690949054539317,PENDING
2.0,90,4,-0.19034916948391878,-0.004036032094980872,0.19039195329185882,-178.78532194174363,0.4528249120274863,0.24067047429417698,PENDING
2.0,90,5,-0.14342885241880343,-0.0036978675627860353,0.14347651351592985,-178.5231334181445,0.3269903806989292,0.2621885235991215,PENDING
2.0,90,6,-0.12055331255990742,-0.003549509639358423,0.12060555620636484,-178.31349982072012,0.18963435872250484,0.2096335974243857,PENDING
2.0,90,7,-0.11072496826881784,-0.0034977702226264527,0.1107802012755935,-178.1906443361393,0.0886923368764091,0.12285548458083895,PENDING
2.0,90,8,-0.10727573822139691,-0.0034890523466252345,0.1073324624576515,-178.13716005997566,0.03212205085951809,0.05348427616362983,PENDING
2.0,90,9,-0.1066016088954691,-0.003496052942088276,0.1066589208893304,-178.1216295595704,0.006314910770754627,0.015530500405247949,PENDING
2.0,90,10,-0.10693769215702353,-0.003506478040462795,0.10699516527450471,-178.12194903765283,0.0031426128864014227,0.0003194780824173904,PENDING
2.0,90,11,-0.10750863549795842,-0.0035156768716424706,0.10756610381759993,-178.12701845619884,0.005307792351235073,0.005069418546014504,PENDING
2.0,90,12,-0.10802399552551112,-0.0035224698791608486,0.10808141099812327,-178.1323485604991,0.004767768812088202,0.005330104300270477,PENDING
2.0,90,13,-0.10840803658178544,-0.003527026444098263,0.10846539683721762,-178.13655446008394,0.003540169033545602,0.004205899584832196,PASS
2.5,0,1,5.291009035412193,0.035579463353227286,5.291128661356287,0.38528045359612234,,,PENDING
2.5,0,2,6.315736891052521,0.04927759772453215,6.315929128690351,0.44703272664933746,0.16225648617221955,0.061752273053201634,PENDING
2.5,0,3,7.162898502829521,0.06099239850467201,7.163158174612142,0.48786431345105224,0.11827590921062757,0.0408315868017155,PENDING
2.5,0,4,7.754400400455969,0.06938112220508641,7.754710781886719,0.5126301456166661,0.07628300060607196,0.024765832165627444,PENDING
2.5,0,5,8.131584082810889,0.07482064948613992,8.131928296868642,0.5271772901739714,0.046387216071147326,0.014547144557297997,PENDING
2.5,0,6,8.359497846442101,0.07815553689790164,8.359863188630417,0.5356603980341494,0.027265385403886875,0.008483107860172368,PENDING
2.5,0,7,8.492942740781723,0.0801365722008113,8.493320803337236,0.5406078030169037,0.015713243123276342,0.004947404982743819,PENDING
2.5,0,8,8.569640096553961,0.08129230643073906,8.57002566061212,0.5434961458566083,0.008950364947846198,0.0028883428396966337,PENDING
2.5,0,9,8.613244626984493,0.08195944081048619,8.613634561218348,0.5451822779659925,0.00506277579995901,0.001686132109398386,PENDING
2.5,0,10,8.637878384936982,0.08234204627345959,8.638270845808554,0.5461652293456131,0.002851992607080685,0.000982951379626229,PENDING
2.5,0,11,8.651744030924023,0.08256055394300374,8.652137945138001,0.5467369007007002,0.0016027367359809246,0.0005716713550896202,PASS
2.5,30,1,3.840689972053724,0.024930700572178357,3.8407708863280368,0.37191334667265147,,,PENDING
2.5,30,2,4.64950637688354,0.03555850604929597,4.649642347109416,0.4381782576142862,0.1739642321702953,0.06626491094164066,PENDING
2.5,30,3,5.313594430601293,0.044583130322337544,5.313781462238207,0.4807226630019437,0.12498427341214946,0.0425444053876447,PENDING
2.5,30,4,5.7744981614642175,0.05101087541437468,5.77472346750597,0.5061274186105621,0.07982061961260241,0.025404755608605,PENDING
2.5,30,5,6.066592976801114,0.05515911027571767,6.06684373242125,0.5209344269307131,0.04815028667281935,0.014807008320161685,PENDING
2.5,30,6,6.24197656241217,0.05769088489830535,6.242243158024461,0.5295358086524347,0.028098781345570204,0.008601381721717871,PENDING
2.5,30,7,6.344002272577602,0.059188325206822136,6.344278374433973,0.534543131134427,0.01608302952479051,0.005007322481986876,PENDING
2.5,30,8,6.402266061135798,0.06005836791049654,6.402547752662791,0.5374643977971475,0.009100967377335716,0.00292126666272452,PENDING
2.5,30,9,6.435188004656495,0.06055873701020924,6.435472944228972,0.5391695814431822,0.005116203867457323,0.001705183646038222,PENDING
2.5,30,10,6.453682498869131,0.060844785990559244,6.453969312306338,0.5401638768606138,0.0028658903044514253,0.000994295417427793,PENDING
2.5,30,11,6.464041248759049,0.06100772103969019,6.464329138254402,0.5407423956966884,0.0016026142429470215,0.0005785188360789562,PASS
2.5,60,1,0.9400521120577998,0.0036331848553278773,0.940059132936074,0.2214399811058842,,,PENDING
2.5,60,2,1.3170377135572406,0.00812035475202199,1.317062746832277,0.3532595575347594,0.28624575010032766,0.13181957642888165,PENDING
2.5,60,3,1.6149862928608285,0.011764594384652034,1.615029142712105,0.41737176720033775,0.18449598709993276,0.06411220966558062,PENDING
2.5,60,4,1.8146936813584813,0.014270382015348483,1.8147497901819032,0.4505530694244149,0.11005409591466542,0.033181302224079445,PENDING
2.5,60,5,1.936610764736539,0.015836031851201107,1.9366755107653513,0.46850796410179796,0.06295619472942293,0.017954894677387756,PENDING
2.5,60,6,2.0069339943472206,0.016761580898808665,2.007003988102843,0.47851375159820686,0.035041523462029184,0.010005787496396579,PENDING
2.5,60,7,2.0461213361693638,0.01729183121884422,2.0461944017503333,0.48419678051081405,0.01915283006050953,0.005683028912613963,PENDING
2.5,60,8,2.067517990299478,0.01759049087001351,2.0675928190968937,0.48746205532764264,0.010349434931732395,0.003265274816840247,PENDING
2.5,60,9,2.0790747600004993,0.017757329409657085,2.079150591087355,0.48935002798892435,0.005558891231835528,0.0018879726612794911,PENDING
2.5,60,10,2.0852907267334073,0.0178502654247581,2.0853671252266532,0.4904447516371788,0.0029810262490939992,0.0010947236482650169,PENDING
2.5,60,11,2.0886356844290885,0.01790205523306393,2.088712403815359,0.49107994287407275,0.0016015984692747264,0.0006351912368813828,PASS
2.5,90,1,-0.510266816905212,-0.007015572993789491,0.5103150425952662,-179.21229955536603,,,PENDING
2.5,90,2,-0.3492016552498234,-0.005598834118305735,0.3492465360926301,-179.08144169224985,0.46118855838821,0.13085786311617653,PENDING
2.5,90,3,-0.23431776164538842,-0.0046446742500497375,0.23436379076426064,-178.8644250279747,0.4901898239217615,0.21701666427514965,PENDING
2.5,90,4,-0.16520855857076389,-0.004099864675666428,0.16525942247081798,-178.57842268964356,0.41815690300893626,0.2860023383311443,PENDING
2.5,90,5,-0.12838034129060572,-0.0038255073614603635,0.12843732532431915,-178.29319205316227,0.2866931170788458,0.28523063648128755,PENDING
2.5,90,6,-0.11058728968445486,-0.0037030711008808883,0.1106492719150547,-178.08213856659253,0.16076069097788825,0.21105348656973888,PENDING
2.5,90,7,-0.10281913203475401,-0.003656415775144984,0.10288412554277218,-177.96332703105648,0.07547467922108458,0.11881153553605373,PENDING
2.5,90,8,-0.09985604511868429,-0.0036434476502278405,0.09992249225036705,-177.91037579464935,0.029639305682892973,0.05295123640712518,PENDING
2.5,90,9,-0.09898186232749895,-0.00364337439062001,0.09904889321325192,-177.8919796885839,0.008819876818151592,0.01839610606546671,PENDING
2.5,90,10,-0.09890515933445543,-0.0036469948581420862,0.09897237551190398,-177.88825185932012,0.0007731218024440871,0.00372782926376658,PENDING
2.5,90,11,-0.09906709773589295,-0.003650777670250441,0.09913434334987328,-177.8895158383042,0.0016338216655924524,0.0012639789840704907,PASS
3.0,0,1,4.9505483646080455,0.03235728755350245,4.950654108739694,0.37448570885642857,,,PENDING
3.0,0,2,5.7719624866028925,0.043058743014166026,5.772123093117558,0.4274176222701244,0.14231660883277936,0.05293191341368697,PENDING
3.0,0,3,6.40303466542861,0.051453184517727416,6.4032413945499105,0.4604046388599366,0.09856231594978226,0.03298701658980008,PENDING
3.0,0,4,6.813081471359955,0.05699568630678675,6.813319869464952,0.47930383819647954,0.060187762026685125,0.018899199336544825,PENDING
3.0,0,5,7.057089781399076,0.06032848501800871,7.057347639788748,0.48978877776684154,0.03457783047953983,0.010484939570375218,PENDING
3.0,0,6,7.19487585184296,0.062230548977319874,7.195144971761096,0.4955553059581847,0.01915143232181739,0.005766528191344378,PENDING
3.0,0,7,7.270299982857937,0.06328451153678812,7.270575408462839,0.49871997782328165,0.010374754742787377,0.0031646718651074934,PENDING
3.0,0,8,7.31082190045448,0.06385858383248905,7.311100791186916,0.5004545783120382,0.005542993303132667,0.001734600488759952,PENDING
3.0,0,9,7.332347616581535,0.06416805406693213,7.332628390253501,0.5014035089487592,0.0029358639113908893,0.0009489306367242989,PENDING
3.0,0,10,7.343704978545569,0.06433380889508265,7.343986768158145,0.5019212304668754,0.001546622871638514,0.0005177215181220163,PASS
3.0,30,1,3.607399126061471,0.02262728260989565,3.607470089775849,0.3593810244155372,,,PENDING
3.0,30,2,4.257774807250022,0.03095748993125086,4.257887348842828,0.4165796320094704,0.15275586359600224,0.05719860759393214,PENDING
3.0,30,3,4.754767754647269,0.03745244983469559,4.7549152554627145,0.45129920970400994,0.1045292880980104,0.03471957769454548,PENDING
3.0,30,4,5.076144363068693,0.041720370868180284,5.076315808148607,0.4708982206646271,0.063313742649733,0.019599010960604346,PENDING
3.0,30,5,5.266345401270135,0.044275066437609104,5.266531512009318,0.4816840687300019,0.03611783266215359,0.010785848065381742,PENDING
3.0,30,6,5.373103217866367,0.04572622438935196,5.373297784177126,0.4875872133964299,0.01986978508472113,0.005903144666433491,PENDING
3.0,30,7,5.43116205218078,0.04652645451840639,5.431361334694884,0.49081655944750047,0.010690423070705175,0.0032293460510572913,PENDING
3.0,30,8,5.46214182585525,0.04696022588407942,5.462343690081429,0.4925826798571155,0.005671989377527261,0.0017661204096270922,PENDING
3.0,30,9,5.478485942291852,0.0471929855207843,5.478689204341838,0.49354731250598877,0.0029834717120757652,0.0009646326488734758,PENDING
3.0,30,10,5.487052417400308,0.04731712690716377,5.487256431204698,0.49407300420097316,0.0015612951518249672,0.0005256916949747392,PASS
3.0,60,1,0.9211008418003226,0.003167280220216631,0.9211062872596497,0.19701542512197218,,,PENDING
3.0,60,2,1.229395762799089,0.006755016195055431,1.2294143206552255,0.31481320775106053,0.2507763479046354,0.1177977826290828,PENDING
3.0,60,3,1.4582338448882823,0.009450954430322749,1.458264470841043,0.37133428324083945,0.15693322765645518,0.056521075489769146,PENDING
3.0,60,4,1.602270249865958,0.011169776408921318,1.6023091828703175,0.39941494229752617,0.08989820040301967,0.028080659056684,PENDING
3.0,60,5,1.684856640994129,0.012168229276618009,1.6849005805998607,0.4137895436199526,0.049018558531292604,0.01437460132243018,PENDING
3.0,60,6,1.7295579499127953,0.012717575213384732,1.7296047059446442,0.4212927664148913,0.0258464406295471,0.00750322279495208,PENDING
3.0,60,7,1.7528861908264723,0.013010340481645767,1.7529344730906482,0.42525516793498774,0.01330897846105486,0.003962401520084313,PENDING
3.0,60,8,1.7647816766567983,0.013163509987259427,1.764830769297375,0.42736140621280144,0.006740757478669218,0.0021062382778040956,PENDING
3.0,60,9,1.7707625937124893,0.013242848428488711,1.7708121120903488,0.42848498219748743,0.0033777399375889425,0.0011235759846783822,PENDING
3.0,60,10,1.7737472951097875,0.013283762931325256,1.7737970360971131,0.4290855441301097,0.0016827877970368255,0.000600561932628807,PASS
3.0,90,1,-0.42204829967863633,-0.006562720968077177,0.42209932073877215,-179.10914008596555,,,PENDING
3.0,90,2,-0.28479718858696845,-0.005346299071283256,0.28484736533940574,-178.92455259281905,0.4818438648215188,0.1845874931464948,PENDING
3.0,90,3,-0.19003306577652435,-0.004549788034824023,0.1900875236820835,-178.62848153222038,0.4985063712850804,0.2960710605986776,PENDING
3.0,90,4,-0.1346668245021776,-0.004105526979055517,0.13472939164590647,-178.25379016943288,0.41088385659506543,0.3746913627875017,PENDING
3.0,90,5,-0.10588773912380223,-0.0038851893044917502,0.10595899203315466,-177.89866951016452,0.27152390807709387,0.35512065926835135,PENDING
3.0,90,6,-0.09221468406375832,-0.003786749374593888,0.0922924017880386,-177.64849896390476,0.14807925658390758,0.250170546259767,PENDING
3.0,90,7,-0.08625173985068413,-0.0037477165367357478,0.08633312230256598,-177.5120112448723,0.06902657203324034,0.13648771903245915,PENDING
3.0,90,8,-0.08389839794243148,-0.0037348479611507947,0.08398148764221496,-177.4510855648941,0.0280018219059141,0.06092567997819742,PENDING
3.0,90,9,-0.0830990805771945,-0.003732220117659839,0.08318285075531934,-177.4284089643255,0.00960098000541953,0.022676600568587446,PENDING
3.0,90,10,-0.08290526603547432,-0.0037329190565936646,0.08298926328806548,-177.4219231814855,0.002332680874414933,0.00648578284000223,PENDING
3.0,90,11,-0.08291379254206799,-0.003734274542020787,0.08299784214101155,-177.42125315906478,0.00010336236129482493,0.0006700224207349947,PASS
4.0,0,1,4.378747119647315,0.02714782738236914,4.378831275848755,0.3552239852945231,,,PENDING
4.0,0,2,4.921152377084226,0.03392166972479497,4.921269287303698,0.3949354905188801,0.11022319238948568,0.03971150522434641,PENDING
4.0,0,3,5.287849227147875,0.03850916296253489,5.287989448238381,0.4172534825468913,0.06934963931458882,0.02231799202800744,PENDING
4.0,0,4,5.498340428534705,0.041153522637911166,5.498494437615148,0.42883469299724514,0.03828411427257322,0.01158121045034477,PENDING
4.0,0,5,5.609563698682067,0.0425543226123431,5.609725105559508,0.4346392068195264,0.019828185134085314,0.005804513822283752,PENDING
4.0,0,6,5.665422184008525,0.04326178827166813,5.665587357492636,0.4375083842252045,0.009859922441977914,0.002869177405671053,PENDING
4.0,0,7,5.692609726307927,0.043609200687336175,5.6927767616902205,0.4389154344364466,0.004776123381573097,0.001407050211241767,PENDING
4.0,0,8,5.705580077149332,0.04377685908597776,5.705748016706908,0.4396012350145281,0.002273366257799371,0.0006858005780827625,PASS
4.0,30,1,3.217982671553906,0.018926315067012933,3.2180383278984155,0.33697679027403155,,,PENDING
4.0,30,2,3.6498779501252496,0.02423201463062116,3.649958388987956,0.3803885466142265,0.11833561237099507,0.04341175634019123,PENDING
4.0,30,3,3.9411029554290873,0.027811637203263684,3.9412010850064236,0.40431904487166836,0.07389693896270534,0.023930498257442423,PENDING
4.0,30,4,4.107865574631402,0.029868366497600392,4.107974159918611,0.41659133023514566,0.04059740115684948,0.012272285363479796,PENDING
4.0,30,5,4.195647399598275,0.030953821463102094,4.195761580549941,0.4226978544020057,0.02092288108987905,0.006106524166852978,PENDING
4.0,30,6,4.239517532814998,0.031499590980954104,4.239634552090278,0.4256994801008569,0.010348290873020322,0.003001625698857424,PENDING
4.0,30,7,4.260743756394731,0.03176623131490819,4.2608621722731925,0.4271642153234367,0.0049820011360727535,0.001464735222583613,PENDING
4.0,30,8,4.270801890704337,0.031894192933914045,4.270920981379384,0.4278748399676068,0.0023551850174814096,0.0007106246441708208,PASS
4.0,60,1,0.8964538792964138,0.0024832949240884104,0.8964573188162777,0.15871642455201374,,,PENDING
4.0,60,2,1.1073257533952807,0.004852627469170047,1.1073363861653696,0.25108536747995613,0.1904381270079562,0.09236894292794773,PENDING
4.0,60,3,1.2476103857431047,0.006416587952573498,1.2476268862183963,0.2946754621763994,0.11244587753174551,0.04359009469644093,PENDING
4.0,60,4,1.3269158015703786,0.007298057748573287,1.3269358711347214,0.31512450968542427,0.05976851379298721,0.020449047509032425,PENDING
4.0,60,5,1.3678148014300855,0.007752819164624515,1.3678367728702951,0.32475088014075687,0.029901887817905683,0.00962637045532233,PENDING
4.0,60,6,1.3877082304398214,0.007975196411336316,1.3877311470844127,0.32927675611114293,0.014335899468650765,0.0045258759703870055,PENDING
4.0,60,7,1.3970118165683414,0.00808029257005206,1.3970351845102524,0.3313941180321177,0.006659844740489755,0.002117361920966232,PENDING
4.0,60,8,1.4012455178143528,0.008128860629785569,1.4012690960589804,0.3323787129480068,0.0030214835684564175,0.0009845949158773237,PENDING
4.0,60,9,1.403135447954749,0.008150977971686285,1.4031591227473346,0.33283414240529735,0.0013469795817979196,0.00045542945730403517,PASS
4.0,90,1,-0.2643105165635693,-0.005738215144097489,0.26437279791828205,-178.7562966669331,,,PENDING
4.0,90,2,-0.16394837129201845,-0.004836964444442248,0.16401970818880984,-178.31009433710122,0.6118355582851766,0.4462023298318911,PENDING
4.0,90,3,-0.09913589245050014,-0.004280937266378921,0.099228280222101,-177.52736025327084,0.6529532490302892,0.7827340838303769,PENDING
4.0,90,4,-0.06355908326351511,-0.003987096258571718,0.06368401684782111,-176.41050766397984,0.5581347586666245,1.1168525892909997,PENDING
4.0,90,5,-0.04610149765312066,-0.003847681984644382,0.04626178490412629,-175.22908803738017,0.37660094567905145,1.181419626599677,PENDING
4.0,90,6,-0.03819642074977048,-0.003787000873483417,0.03838369359127989,-174.33788895657747,0.2052457847526212,0.8911990808026928,PENDING
4.0,90,7,-0.03485415334485609,-0.0037626768023754443,0.03505666473162952,-173.83850155079682,0.09490431805535081,0.4993874057806522,PENDING
4.0,90,8,-0.03353266863063897,-0.003753805522278663,0.033742123842332876,-173.61263223398115,0.03895845132449614,0.22586931681567535,PENDING
4.0,90,9,-0.03304862408827525,-0.003750983675250247,0.03326080926045127,-173.52470005920063,0.014470922162856559,0.08793217478051929,PENDING
4.0,90,10,-0.03288906416905646,-0.003750307172528553,0.03310219548314934,-173.49471754965785,0.004791639194526187,0.02998250954277637,PENDING
4.0,90,11,-0.032845574128362864,-0.003750284004024681,0.03305898319568561,-173.48621793442507,0.0013071269375693818,0.008499615232778979,PASS
5.0,0,1,3.9198038832216104,0.023149934880217042,3.9198722431227493,0.33837870034838763,,,PENDING
5.0,0,2,4.288926797219307,0.02760954691917247,4.289015663178084,0.368830883933704,0.08606716529960305,0.030452183585310877,PENDING
5.0,0,3,4.512435786054619,0.030279662246114173,4.512537377264825,0.3844643769478368,0.04953348757018462,0.015633493014121314,PENDING
5.0,0,4,4.627772182000578,0.031654129430745,4.627880438430579,0.3918990964782456,0.024923517947423448,0.007434719530408529,PENDING
5.0,0,5,4.6827945847013925,0.03230848207292988,4.6829060379771175,0.39530034045167184,0.0117503104056104,0.003401243973428336,PENDING
5.0,0,6,4.707759585705566,0.03260609826342572,4.707872499807807,0.3968261147127741,0.005303130412242158,0.0015257742610970126,PENDING
5.0,0,7,4.718727390462671,0.032737681754724815,4.718840953169467,0.3975014333690044,0.0023243956451410395,0.0006753186562207247,PENDING
5.0,0,8,4.723442214637514,0.03279477746377201,4.723556060051436,0.3977972126670998,0.0009982112675334129,0.00029577929808510817,PASS
5.0,30,1,2.90781333402023,0.016109622351321597,2.9078579582638056,0.3174220010417951,,,PENDING
5.0,30,2,3.203172838598503,0.019622471710158847,3.2032329411597913,0.3509866016612352,0.09221152139782866,0.03356460061942812,PENDING
5.0,30,3,3.381974523692718,0.021722478327151823,3.3820442848920917,0.3680066792179173,0.0528707872132448,0.01702007755667978,PENDING
5.0,30,4,3.4742197635762593,0.022801829205841055,3.4742945886955257,0.37603545822026224,0.026552240015453216,0.008028779002358988,PENDING
5.0,30,5,3.518130759145455,0.02331436511174334,3.518208009493745,0.3796888917234655,0.012481757951696041,0.0036534335032172294,PENDING
5.0,30,6,3.5379833275635977,0.023546619823531977,3.5380616825351,0.38131949586632424,0.005611454752006865,0.0016306041428606477,PENDING
5.0,30,7,3.5466627848608843,0.023648820761104618,3.546741628063786,0.3820373183416356,0.0024473013370935608,0.000717822475309049,PENDING
5.0,30,8,3.5503717044650935,0.02369292178906901,3.5504507593275076,0.38234990158232945,0.0010446930587552782,0.0003125832406851714,PASS
5.0,60,1,0.883832293698319,0.002029000078550694,0.8838346226672444,0.1315328006655705,,,PENDING
5.0,60,2,1.0316641893191363,0.0036482100585595906,1.031670639768401,0.20261066537961958,0.14329768765576595,0.07107786471405575,PENDING
5.0,60,3,1.1210518220828656,0.004608105046039261,1.1210612928950086,0.23551407569587954,0.07973752523001372,0.032903410316265536,PENDING
5.0,60,4,1.1671149106316292,0.005097230554666804,1.167126041341724,0.2502306658048557,0.039468529374736175,0.01471659010897497,PENDING
5.0,60,5,1.1888031081256036,0.005326131193569474,1.1888150392565644,0.2566975091543487,0.0182442156253372,0.006466843349500095,PENDING
5.0,60,6,1.198430811258676,0.005427662944001479,1.1984431020699988,0.2594893674017887,0.008033808861517455,0.00279185824743422,PENDING
5.0,60,7,1.2025335736573053,0.0054710987738639735,1.2025460193667448,0.26067355877979737,0.003411858864999214,0.0011841913780017421,PENDING
5.0,60,8,1.204230684120254,0.005489210439662132,1.2042431947110956,0.26116791156094143,0.0014093294043966242,0.00049435278114629,PASS
5.0,90,1,-0.12815822634643892,-0.005011311056165806,0.12825616639665605,-177.76073081046295,,,PENDING
5.0,90,2,-0.05408991485815329,-0.004338884450215226,0.054263660101716245,-175.41377351352065,1.363573820052724,2.3469572969422927,PENDING
5.0,90,3,-0.009409512615723203,-0.003949081586201195,0.010204615281328712,-157.23267752807737,4.3175605944696365,18.181095985443278,PENDING
5.0,90,4,0.01356248442188912,-0.0037550687165839947,0.014072722720222013,-15.475906458748623,0.27486560460222564,141.75677106932875,PENDING
5.0,90,5,0.02413928260039555,-0.0036679857662169175,0.024416369182229558,-8.640052981479462,0.42363573325782355,6.835853477269154,PENDING
5.0,90,6,0.028654553102492875,-0.003631815495344721,0.02888379298665274,-7.223426590053508,0.1546688762963918,1.4166263914259503,PENDING
5.0,90,7,0.030468968055515355,-0.003617762219756241,0.03068299558137554,-6.771366806117802,0.05863842694078109,0.45205978393570945,PENDING
5.0,90,8,0.031160173947837544,-0.0036126452350401525,0.03136889615612497,-6.613227235230079,0.021865626744902278,0.15813957088772668,PENDING
5.0,90,9,0.03141009693721464,-0.0036109127455873757,0.03161697139925748,-6.557948878629193,0.007846268385413427,0.055278356600894085,PENDING
5.0,90,10,0.03149541503185338,-0.003610380503629185,0.03170167212324425,-6.5393824592024545,0.002671806195505451,0.018566419426747416,PENDING
5.0,90,11,0.031522490408523174,-0.0036102420012340377,0.03172855573238262,-6.533565741185891,0.0008473001218562328,0.005816718016575351,PASS
6.0,0,1,3.545573914202421,0.02001086718497066,3.545630383426644,0.3233682580807926,,,PENDING
6.0,0,2,3.803049564728005,0.023040461845893707,3.803119358455627,0.3471175035351424,0.0677046789121929,0.023749245454354195,PENDING
6.0,0,3,3.944412265656974,0.0246698310954611,3.9444894120825653,0.3583445841568444,0.035839886702167444,0.011227080621694085,PENDING
6.0,0,4,4.01073296134321,0.0254295633036305,4.010813577055743,0.363272035957545,0.016536337004689528,0.004927451800710969,PENDING
6.0,0,5,4.039603916551277,0.025758664505803323,4.039686041193491,0.3653434322055316,0.007147204966754657,0.0020713962479987913,PENDING
6.0,0,6,4.051559320479525,0.025894975878624465,4.051642071696396,0.3661929911796662,0.002950909851199865,0.0008495589741244203,PENDING
6.0,0,7,4.056347998170268,0.025949809333566533,4.056431002108182,0.3665351868456851,0.0011805773127405409,0.00034219566600768303,PASS
6.0,30,1,2.6566335243723587,0.01391562504456897,2.6566699696122362,0.30011640113436283,,,PENDING
6.0,30,2,2.8635305272060125,0.016314165262751913,2.8635769995285556,0.3264231667392024,0.07225474640646418,0.026306765604829252,PENDING
6.0,30,3,2.977320219217578,0.017604899380258505,2.9773722676622074,0.3387860906634895,0.038220033608025214,0.012362923924285951,PENDING
6.0,30,4,3.030796912642308,0.018206804014435144,3.030851598708615,0.3441868625227967,0.01764498501648643,0.005400771859314091,PENDING
6.0,30,5,3.054059590411866,0.01846719038942295,3.0541154233112366,0.34645007470277256,0.007617205435346449,0.002263212179968832,PENDING
6.0,30,6,3.063670611161276,0.01857474320509738,3.0637269190935474,0.34737459939675563,0.003137190760185151,0.000924524693971307,PENDING
6.0,30,7,3.067506050590561,0.018617835511911825,3.067562549355571,0.34774513327864454,0.0012503837168142753,0.00037053388189178804,PASS
6.0,60,1,0.8787527782173367,0.001725142545514004,0.8787544715911777,0.11248130576041941,,,PENDING
6.0,60,2,0.9844922651170549,0.0028615354937362486,0.9844964237927385,0.16653604178964013,0.10740714709170153,0.05405473602922939,PENDING
6.0,60,3,1.0431360651531292,0.003475033907162362,1.0431418533851518,0.19087063199228813,0.05621999481863377,0.024334590202641948,PENDING
6.0,60,4,1.0709247500783359,0.0037612981152660555,1.0709313552669275,0.2012332064951229,0.02594891049281985,0.010362574502835287,PENDING
6.0,60,5,1.082970937946538,0.003884242143355513,1.0829779036406202,0.20549926071576133,0.011123540317116437,0.004266054220636306,PENDING
6.0,60,6,1.087893192517407,0.003934277858374394,1.0879003064931927,0.20720465535403298,0.004524681924614667,0.001705394638264579,PENDING
6.0,60,7,1.089822155431125,0.003953887868597003,1.0898293277838602,0.20786886417259015,0.0017700214533500724,0.0006642088185628836,PASS
6.0,90,1,-0.01018759480781739,-0.004370098703146434,0.011085343956932956,-156.7824701472695,,,PENDING
6.0,90,2,0.04497304769118804,-0.0038647718475852333,0.04513880237741982,-4.911662416472853,0.7544165247397376,151.87080773079663,PENDING
6.0,90,3,0.07604399133883144,-0.003589898888659195,0.07612868048752104,-2.702823160367066,0.4070723137672281,2.20883925610579,PENDING
6.0,90,4,0.0909886549913198,-0.00346145686911678,0.09105447282141708,-2.178637286561651,0.16392157212495903,0.5241858738054077,PENDING
6.0,90,5,0.09742661171576139,-0.003407231980395308,0.09748617286662742,-2.0029484607787875,0.0659755107425302,0.17568882578285638,PENDING
6.0,90,6,0.10000448319467403,-0.003385954814827175,0.1000617876566369,-1.939181456979953,0.02574024360675754,0.06376700379883005,PENDING
6.0,90,7,0.10098020785141093,-0.003378085953059784,0.1010366955240541,-1.915998390948939,0.009649047431337513,0.023183066031009503,PENDING
6.0,90,8,0.10133265480980802,-0.0033753240701842333,0.10138885413783151,-1.9077793640686909,0.00347334642226721,0.008219026880254887,PENDING
6.0,90,9,0.10145475192243736,-0.003374402660203514,0.1015108530205342,-1.9049653304549587,0.001201830928147242,0.002814033613731226,PASS
