hotspot_id,steps,corrected_geodesic_nm,classification,M2,M4
0,14,306.9500180518242,transition,0.0003524136352694207,1.2419537032380828e-07
1,15,317.6412268914049,transition,0.0002610078020304081,6.81250727207447e-08
2,14,306.43189728914194,transition,5.187505134356501e-05,2.6910209518975056e-09
3,13,284.49605663170087,transition,0.00026858057645233805,7.213552604747021e-08
4,15,327.56221816501585,transition,0.0002454798613134749,6.026036231048288e-08
5,12,261.0897739800745,transition,0.0004620214116021158,2.134637847788117e-07
6,16,348.38299567029594,transition,0.00043690632709327806,1.9088713865413848e-07
7,17,370.9655045694788,transition,0.00028447349368185184,8.09251686075586e-08
8,17,369.70042718525383,transition,0.00019407727627900355,3.766598916787667e-08
9,17,365.61598870759553,transition,5.616406492423319e-05,3.154402188813481e-09
10,18,393.875994790595,transition,0.0002082258272859573,4.335799514892132e-08
11,18,381.25049505580847,transition,0.00010816126129417083,1.1698858444745896e-08
12,18,377.1660565781502,transition,9.032292840600227e-05,8.158231395835813e-09
13,19,416.2813038933766,transition,0.0002405478950002967,5.786328978907376e-08
14,20,435.0092597982796,transition,0.00015424116264530218,2.379033625417456e-08
15,20,438.3964233822635,transition,0.00016522439716574127,2.7299101418782613e-08
16,21,446.3763199658146,transition,7.297749475306843e-05,5.32571474043413e-09
17,21,458.1680027844744,transition,0.0001188479523682708,1.4124835782130766e-08
18,21,449.62252502855506,transition,8.561850371120554e-05,7.330528177745716e-09
19,18,391.02106941262457,transition,0.00033295937096780803,1.1086194271527841e-07
20,18,385.6597161682271,transition,0.00021118352452562038,4.4598481031063303e-08
21,12,253.55568149045956,transition,0.00068010846003051,4.625475174050718e-07
22,11,239.64803465739763,transition,0.0005102480139319767,2.6035303572152667e-07
23,12,238.65381107275525,transition,0.0006545066445013528,4.283789476964202e-07
24,11,215.53504734180115,transition,0.0013911954764861355,1.9354248537954855e-06
25,10,217.5012225556982,transition,0.000426179742549963,1.8162917295995272e-07
26,11,224.93765274183693,transition,0.00045053462534789076,2.0298144863736428e-07
27,21,460.82458371103155,transition,0.00014116265903748297,1.992689630653267e-08
28,21,459.8014009060928,transition,9.952061731038244e-05,9.904353269839593e-09
29,21,450.92928321989325,transition,7.721982724951856e-05,5.962901720445488e-09
30,11,211.89698742615428,transition,0.0007886154555356704,6.219143367097329e-07
31,10,196.38979467172095,transition,0.001152580016305053,1.3284406939857564e-06
32,9,195.36759530715372,transition,0.0008550577537734816,7.311237622881518e-07
33,10,213.4689619178194,transition,0.0003114178365112849,9.698106889736938e-08
34,22,481.71617814609726,transition,0.00016602439060890093,2.7564098277056913e-08
35,22,474.88384144188996,transition,4.383184470210065e-05,1.9212306099890692e-09
36,11,218.11501008913706,transition,0.0009079015190725332,8.242851683342134e-07
37,23,504.52088377606094,transition,0.00014112035142386815,1.9914953585996046e-08
38,19,413.871328680247,transition,0.000316613800007069,1.0024429835491627e-07
39,22,482.9316681520738,transition,0.00014116378371073919,1.9927213831532352e-08
40,22,471.5215088989586,transition,0.00010909687089945623,1.190212724005262e-08
41,11,215.42313370782745,transition,0.00019745016877352855,3.898656914869491e-08
42,10,198.4369214581485,transition,0.0028044090323082445,7.864710020492065e-06
43,11,222.11178057308143,transition,0.0011002092215373627,1.2104603311558495e-06
44,12,239.38374467880135,transition,0.00022365689847289306,5.0022408234513996e-08
45,12,234.251910883412,transition,0.0012941493775751227,1.6748226114780775e-06
46,13,262.9529636170626,transition,0.0005283312653645233,2.791339259616783e-07
47,14,286.77401649018276,transition,0.00021780204689550952,4.743773163187373e-08
48,14,277.0671394003205,transition,0.00044241541114925194,1.9573139602236164e-07
49,14,281.9070342119611,transition,0.00034247219887903886,1.1728720700504394e-07
50,14,284.70335961853976,transition,0.0007874296864723348,6.200455111379194e-07
51,23,503.28314036616075,transition,0.0001359924595770672,1.8493949061820253e-08
52,23,506.75258560129174,transition,4.846284430491059e-05,2.3486472781220047e-09
53,24,516.0690530591594,transition,9.475102002638192e-05,8.977755796039827e-09
54,24,525.8830544501371,transition,0.00011258999826433943,1.2676507709163955e-08
55,24,527.7407307470618,transition,0.00011099996748049132,1.2320992780670132e-08
56,10,196.94987026791566,transition,0.00030778826684763755,9.473361720907254e-08
57,10,188.672340960881,transition,0.0032332192391503717,1.0453706648412108e-05
58,9,176.78591842210716,transition,0.007651908885036937,5.855170958490722e-05
59,8,172.8571825108199,transition,0.0013226696488295483,1.7494549999348807e-06
60,15,310.4693104772338,transition,0.0001644870986282276,2.7056005615132273e-08
61,15,293.9971809990786,transition,0.0009401961226143089,8.839687489789806e-07
62,15,296.79350640565724,transition,0.00021309322392411571,4.540872208237332e-08
63,20,435.9208484869197,transition,0.00024990788273001723,6.245394985060004e-08
64,20,430.6550375273261,transition,7.888069398648494e-05,6.222163883789481e-09
65,25,551.0671922259154,transition,4.9726404666576735e-05,2.4727153210641447e-09
66,25,549.211764508785,transition,0.00016568543257936154,2.745166256901016e-08
67,26,574.244246791233,transition,3.41240523330964e-05,1.164450947631902e-09
68,26,561.5359548350198,transition,7.323006383152237e-05,5.362642248768841e-09
69,26,575.3419982444086,transition,4.38828065631654e-05,1.9257007118601924e-09
70,24,529.1438314749976,transition,9.394456814891002e-05,8.825581884685199e-09
71,24,530.0697503666088,transition,5.826098396367832e-05,3.3943422524159824e-09
72,21,457.7774949390118,transition,0.00017321424839428703,3.000317584679777e-08
73,21,441.7262859819902,transition,0.00015497035394097168,2.4015810600590035e-08
74,25,548.9597109774048,transition,4.4132200762563926e-05,1.947651144147248e-09
75,25,540.3951595789601,transition,3.43897297554619e-05,1.1826535126537017e-09
76,25,551.3837360933971,transition,7.317243216988433e-05,5.354204829656324e-09
77,18,386.6534846440155,transition,0.0001759151451910999,3.094613830760576e-08
78,27,596.8172305258508,transition,6.452289124417417e-05,4.1632034945075275e-09
79,27,587.1311603060219,transition,4.866014464077273e-05,2.367809676460923e-09
80,27,586.3216980845206,transition,8.77749931323224e-05,7.704449419379244e-09
81,27,596.8053261642282,transition,4.514931355534082e-05,2.0384605145184824e-09
82,11,217.36871767672747,transition,0.0011673417134671594,1.3626866760004437e-06
83,11,209.6572526226716,transition,0.0016150569055122688,2.6084088080428654e-06
84,10,197.9158436518796,transition,0.007153072338874444,5.116644388517071e-05
85,26,570.6826250344178,transition,9.330473911640773e-05,8.705774341580906e-09
86,26,568.1379559762632,transition,0.00011833818152491076,1.400392520662273e-08
87,16,333.46980716609505,transition,0.0004097055568924274,1.6785864334853407e-07
88,16,330.75212365891906,transition,0.00014104533306061334,1.9893785978179347e-08
89,26,572.5889541841094,transition,3.0510023731593396e-05,9.308615481023922e-10
90,26,568.5324038695861,transition,5.246740260136357e-05,2.7528283357335723e-09
91,27,580.6638400806862,transition,5.054856592382122e-05,2.5551575169548994e-09
92,27,595.7531519704781,transition,4.235015771069351e-05,1.793535858120613e-09
93,28,620.5712649317784,transition,2.8123620900091878e-05,7.909380525320847e-10
94,28,614.4276790552589,transition,5.7527889246675834e-05,3.309458041177801e-09
95,7,149.5436616205417,source,0.003962239013109668,1.5699337997008277e-05
96,29,644.2987318165135,transition,5.404865766963706e-05,2.921257395889617e-09
97,29,638.0749939681226,transition,1.4738035471666445e-05,2.172096895640984e-10
98,27,592.1379456100192,transition,3.924913564433175e-05,1.540494648827153e-09
99,28,615.3414443003772,transition,4.1507041738357054e-05,1.7228345138697147e-09
100,15,288.756600494825,transition,9.157195138748001e-05,8.385422280911002e-09
101,15,298.3955268970099,transition,0.0006494284391789962,4.2175729761446716e-07
102,17,356.0546877147582,transition,0.000578606309064783,3.3478526088957127e-07
103,22,480.5831074470795,transition,0.0002723313896283561,7.41643857769115e-08
104,22,480.11249632344,transition,0.00012575691304111576,1.581480117763075e-08
105,22,473.04124098184764,transition,7.453869637522528e-05,5.556017257318021e-09
106,27,591.7969042822185,transition,9.8487948156396e-05,9.699875932056947e-09
107,6,126.6156315069239,source,0.009620437926753609,9.255282590251927e-05
108,8,133.38433253605552,source,0.003333550976693462,1.1112562114213935e-05
109,22,482.15450600985736,transition,6.812072171594869e-05,4.640432727101723e-09
110,29,638.106455608958,remote,4.4969499985767445e-05,2.0222559289699383e-09
111,6,110.81816575841925,source,0.0013204462211235137,1.743578222879367e-06
112,5,104.13272101339376,source,0.03813500693799907,0.0014542787541612374
113,7,121.90826781649308,source,0.006097586319507156,3.718055892384083e-05
114,5,99.57037632767899,source,0.11506017700621407,0.013238844332701312
115,6,117.92491776904694,source,0.02190772490021386,0.0004799484103034503
116,17,344.5198053515114,transition,5.4955788643589335e-05,3.0201387054388625e-09
117,27,600.0121792268635,transition,2.3537092599656643e-05,5.539947280448115e-10
118,4,81.16737984050741,source,0.15260978777993547,0.023289747326236943
119,30,666.5481768728687,transition,5.947052602378864e-05,3.536743465546122e-09
120,12,220.82996030454314,transition,0.005502915515436241,3.0282079170028913e-05
121,9,173.38005130911995,transition,0.0034493214661908086,1.189781857712471e-05
122,10,201.63469220422928,transition,0.0008834146537475201,7.804214504558509e-07
123,11,222.9776131781576,transition,0.0004450591468058468,1.980776441555483e-07
124,31,689.5668749618271,remote,1.7239912403379146e-05,2.972145796761861e-10
125,31,684.3554527387522,remote,1.048014942055165e-05,1.098335318770891e-10
126,28,614.0971693875849,transition,4.217099124992771e-05,1.7783925030014797e-09
127,32,713.4304298630037,remote,9.566556826059362e-06,9.151900950622297e-11
128,25,553.617774404965,transition,2.8399444930997184e-05,8.065284723887416e-10
129,23,498.1474445773469,transition,0.00012633591431433276,1.596076324563843e-08
130,23,503.39276400304396,transition,0.00010191734663858162,1.0387145545848804e-08
131,23,490.72112618092643,transition,0.0001233052833474503,1.5204192901395006e-08
132,8,150.54440400297116,transition,0.009006955672806264,8.112525049189695e-05
133,9,168.9558367509661,transition,0.0011664082084871746,1.3605081088262602e-06
134,19,409.0390991290352,transition,0.00011940227145550816,1.4256902428734858e-08
135,19,406.776605017491,transition,3.370679021192613e-05,1.1361477063907992e-09
136,17,339.8689694449753,transition,0.0005368887556550854,2.88249535948866e-07
137,16,324.63645436118,transition,0.0005166100233629183,2.6688591623903496e-07
138,29,637.0680425203719,transition,4.792766548601388e-05,2.2970611189392463e-09
139,30,659.4112507026246,transition,2.9016365468272055e-05,8.419494649883309e-10
140,30,660.193532041212,remote,4.39129976099775e-05,1.9283513590938895e-09
141,9,177.75189180607111,transition,0.0006732284206526013,4.532365063743959e-07
142,28,618.160121333882,remote,2.680908690368813e-05,7.187271406095024e-10
143,24,516.0678003449825,transition,7.618069189927871e-05,5.8034978182528286e-09
144,20,418.33849538815093,transition,0.00012327037282103894,1.5195584815437936e-08
145,20,432.12324885698223,transition,0.00011556648362780646,1.3355612138096059e-08
146,33,732.1132042338509,remote,3.387616097528335e-05,1.1475942824233104e-09
147,3,60.639042394669964,source,3.155475213479885,9.957023822885926
148,4,75.68529538538121,source,0.11751410526155145,0.013809564935422996
149,12,243.94051760906342,transition,0.0022424271290394037,5.028479429051903e-06
150,12,243.26828003230347,transition,0.001906454677382412,3.634569436913277e-06
151,20,429.1923022049742,transition,3.565194096328733e-05,1.2710608944497252e-09
152,2,38.23229792713454,source,3.7625713395713722,14.15694308536391
153,2,41.546042232669535,source,4.94506396594469,24.453657627284624
154,24,526.7329646423665,transition,0.00012829564212684595,1.645977178873973e-08
155,24,521.3131197706796,transition,0.00018160427282446525,3.298011190810281e-08
156,13,263.8952005443957,transition,0.0016514635197248254,2.7273317569819087e-06
157,2,33.39684578907303,source,4.621569942543872,21.358908733824972
158,1,19.242269575533626,source,10.45846286988115,109.37944560068264
159,8,155.10717976939523,transition,0.0034315291168872768,1.1775392080045173e-05
160,9,161.84416311079133,transition,0.008956721034254989,8.022285168546576e-05
161,18,376.78716171938794,transition,0.00011964614806714124,1.4315200747304286e-08
162,18,362.0993828908855,transition,0.0002934430467711869,8.610882169835699e-08
163,13,266.27422222749027,transition,0.002107366367585526,4.440993007230615e-06
164,8,150.47567691513873,source,0.006971094487640533,4.859615835561222e-05
165,7,132.86419956236827,source,0.0038576136290318004,1.4881182910891896e-05
166,25,550.0674219454454,transition,5.463128201023789e-05,2.9845769740821417e-09
167,25,546.5753211677218,transition,0.00014473588150952494,2.0948475396339242e-08
168,2,33.22058910192354,source,10.107883312655487,102.16930506225926
169,34,748.0505669949171,remote,2.3782453460608266e-06,5.656050926059981e-12
170,35,761.2862669516774,remote,9.556742125786296e-06,9.133132005877838e-11
171,35,769.1136305544123,remote,1.6710102728802923e-05,2.792275332071469e-10
172,31,682.6088371983453,transition,1.2086605630798882e-05,1.4608603567445924e-10
173,26,576.2332352980724,transition,4.140726658454469e-05,1.714561726003551e-09
174,26,574.7400491344919,transition,5.0163928782211006e-05,2.516419750866738e-09
175,9,173.29120272065404,source,0.014212049162366756,0.00020198234139352962
176,9,172.604757848308,source,0.0002489673628224889,6.198474775078484e-08
177,23,505.2158872618364,transition,4.1151254719318716e-05,1.693425764974251e-09
178,23,503.17533282259797,transition,5.6780524627473945e-05,3.2240279769711754e-09
179,26,573.2035186708827,transition,9.896619417709717e-05,9.794307589898902e-09
180,26,558.8107563049274,transition,4.419347505647926e-05,1.953063237567654e-09
181,19,399.9468888511098,transition,0.00014116928357864198,1.9928766626107035e-08
182,29,640.0244596420999,remote,3.6826015218766524e-05,1.3561553968928236e-09
183,14,288.9050961707903,transition,0.001454178514879285,2.114635153136523e-06
184,24,515.0212834350822,transition,5.002035211343479e-05,2.5020356255520004e-09
185,10,184.86173737080892,source,0.06719754350776876,0.0045155098534784745
186,30,662.6065094094528,remote,2.38221586572456e-05,5.674952430909815e-10
187,30,657.8716781027586,remote,2.615200395164198e-05,6.839273106866978e-10
188,15,311.3466454064709,transition,0.0009652577831477569,9.31722587927322e-07
189,15,308.77256033342184,transition,6.906814479627482e-05,4.770408625599185e-09
190,5,97.14416766058673,source,0.023656611466774988,0.0005596352660899498
191,36,781.7827586007313,remote,1.5116097484236536e-05,2.2849640315294214e-10
192,36,772.3186740283841,remote,9.970535474984252e-07,9.941157765791944e-13
193,14,286.2558704044747,transition,0.0018358513717715154,3.370350259235355e-06
194,6,119.56971611135603,source,0.47211893964459883,0.22289629317114035
195,31,669.4938544041197,remote,3.247277895455519e-05,1.0544813730314027e-09
196,31,686.3002056969857,remote,1.504784100561573e-05,2.2643751893029025e-10
197,28,624.607446148185,transition,3.798379722231466e-05,1.4427688514259188e-09
198,37,804.3999640377378,remote,5.155760817262869e-06,2.658186960482309e-11
199,37,798.9068834425108,remote,8.43135266916465e-06,7.108770783182987e-11
200,24,524.8647993559889,transition,2.403841113103015e-05,5.778452097044342e-10
201,1,22.556013881068633,source,5.270992962504057,27.78336681076729
202,27,595.4858365055117,transition,7.707135671496552e-05,5.93999402588546e-09
203,27,594.2634618580691,transition,3.676432680229942e-05,1.3516157252262713e-09
204,16,333.346516847983,transition,0.0007132138106349044,5.086739396803613e-07
205,16,319.90633425484845,transition,0.001526152033280391,2.329140028685872e-06
206,23,500.444367917938,transition,0.00019101657952896582,3.6487333654945725e-08
207,23,484.8012153119919,transition,0.00014600533692969288,2.131755841195314e-08
208,29,646.9019114654717,transition,4.200753957355803e-05,1.7646333810240437e-09
209,25,545.1899113469506,transition,5.876716881317306e-05,3.45358013031598e-09
210,25,548.7490091691132,transition,1.4094564133036052e-05,1.9865673810026632e-10
211,24,522.9491934015955,transition,0.00010609665240565426,1.1256499651686222e-08
212,32,700.5758378192728,transition,2.361653181578663e-05,5.57740575006062e-10
213,32,705.6243674926945,transition,1.6692761741848573e-05,2.786482945701234e-10
214,25,546.5081087183017,transition,5.742291899594066e-05,3.2973916260143625e-09
215,17,356.04878800281114,transition,0.00044993944824112456,2.024455070835276e-07
216,15,308.4515205758932,transition,0.0007814497442312731,6.106637027591221e-07
217,10,194.19717610576635,source,0.003187915937285243,1.0162808023197248e-05
218,18,379.57510338155174,transition,0.0003304227427435424,1.0917918892216521e-07
219,18,370.7346151880416,transition,8.187114887911516e-05,6.70288501878624e-09
220,21,449.0805604650879,transition,7.216168998882832e-05,5.207309502043766e-09
221,19,402.9790316907762,transition,0.00023451419684056182,5.499690851977378e-08
222,12,240.94055774866598,transition,0.0001801514507157235,3.245454519497976e-08
223,26,568.0967533592438,transition,5.204034424376677e-05,2.708197429009749e-09
224,32,710.0116771830518,remote,1.934514814950244e-05,3.742347569261977e-10
225,33,712.235762223276,transition,6.563388072706091e-06,4.3078062992940583e-11
226,30,668.604201446997,remote,1.6150635263023534e-05,2.6084301939921925e-10
227,19,384.0290345620209,transition,0.0004373764523286038,1.9129816105155543e-07
228,16,329.0325509883201,transition,0.002130324767121499,4.538283613411269e-06
229,0,0.0,source,11.240323650697121,126.34487577242106
230,21,422.0700759529404,transition,9.841574547428189e-05,9.685658957258635e-09
231,31,691.8881989660945,remote,2.0581265548301876e-05,4.235884915697177e-10
232,16,318.3378680329732,transition,9.81055714597373e-05,9.624703151441623e-09
233,20,426.71982902155975,transition,0.0001610362531392178,2.5932674825118233e-08
234,7,142.32840332923905,source,0.0054432612034735345,2.962909252924015e-05
235,25,546.9671323485596,transition,2.4910347325130168e-05,6.205254038586197e-10
236,36,789.6291445507094,remote,3.46557191382128e-06,1.201018868986689e-11
237,17,351.1155793163316,transition,0.0012152363684532373,1.4767994312114124e-06
238,33,732.5563841059228,remote,1.2337392875729542e-05,1.5221126297010207e-10
239,20,407.15479298635654,transition,0.00026291780738207276,6.912577343859671e-08
240,20,405.4931010023099,transition,0.00011695688246256018,1.3678912355361115e-08
241,31,683.033655307027,remote,1.8852593571889592e-05,3.5542028438685276e-10
242,31,681.3587441467824,remote,1.4467268615755113e-05,2.0930186120041286e-10
243,37,810.0079930589624,remote,9.318176552332842e-06,8.682841426044557e-11
244,1,20.19158380461698,source,0.7733713816590334,0.5981032939692024
245,11,216.8025341863331,source,0.004079864187957981,1.6645291792182035e-05
246,12,239.95285467247868,source,0.0011094529733206245,1.2308859000099745e-06
247,34,756.6614030811594,remote,1.1597611316032437e-05,1.3450458823776362e-10
248,35,780.3641948734482,remote,1.0586986589023808e-05,1.1208428503616997e-10
249,21,429.7653956475097,transition,0.000297115312263733,8.827750878157558e-08
250,21,417.31250998605344,transition,4.159808490450108e-05,1.7304006677220803e-09
251,28,616.7592931675963,transition,2.3124236231352057e-05,5.347303012833751e-10
252,36,800.2303615653008,remote,9.254825487622643e-06,8.565179480634968e-11
253,32,693.342841929103,remote,1.3194297191372551e-05,1.7408947837426158e-10
