particle_id,x_nm,y_nm,dipole_real_Cm,dipole_imag_Cm,local_field_real_Vm,local_field_imag_Vm,field_magnitude_Vm,normalized_E2,hotspot_intensity,propagation_distance_nm
0,0.8636501440380446,-128.11463627007325,7.191579073847054e-34,1.9722320999418966e-35,0.9115935635478557,0.008452166486589337,0.9116327463513997,0.8310742642201955,0.8310742642201955,0.8636501440380446
1,0.0,-86.46338463962668,6.404995814804068e-34,1.803467916045767e-35,0.8118982676147743,0.008122539191787709,0.8119388970844998,0.659244772598794,0.659244772598794,0.0
2,0.42139944090731135,-48.38412544335762,6.293610070836894e-34,1.8576941493810542e-35,0.7977986723298998,0.009065662398555102,0.7978501787967935,0.6365649078060754,0.6365649078060754,0.42139944090731135
3,0.10354956822747131,-9.108415135029176,6.3141087762954755e-34,1.8958282182444354e-35,0.8004045322508523,0.00950167228643465,0.8004609278559102,0.6407376970239446,0.6407376970239446,0.10354956822747131
4,0.022450797608129906,29.23186770803487,6.352049521600411e-34,1.8695727446922778e-35,0.8052054140130512,0.009081792889323283,0.8052566284843695,0.6484382377180139,0.6484382377180139,0.022450797608129906
5,0.8719517353704179,68.99817991037217,6.279947879246327e-34,1.7274244295498767e-35,0.7960377832511418,0.007446617316229587,0.7960726125629786,0.6337316044728462,0.6337316044728462,0.8719517353704179
6,0.8065063008040051,106.6645269014045,6.9971730523648e-34,1.8485988151822362e-35,0.8869347856437608,0.007332774026763919,0.8869650971486259,0.7867070835598714,0.7867070835598714,0.8065063008040051
7,45.84774359520483,-107.09465209664533,-5.313859205320832e-35,7.73784079175277e-36,-0.06714624926801194,0.01102526918660779,0.06804539184543767,0.004630175351399156,0.004630175351399156,45.84774359520483
8,46.53964781239724,-68.54613203935914,-5.288075294856538e-35,8.109725273687095e-36,-0.06681102845435431,0.01149050145788731,0.06779192538114145,0.004595745146882251,0.004595745146882251,46.53964781239724
9,46.054370422679575,-28.677934138453566,-5.374783294383822e-35,8.792267525245609e-36,-0.06789388582919828,0.012375187384445416,0.06901249883744501,0.004762724995788349,0.004762724995788349,46.054370422679575
10,45.36877242721437,11.030090696838826,-5.30527919657736e-35,8.615358415070016e-36,-0.06701736832271701,0.012135071045657104,0.06810717734707451,0.00463858760618586,0.00463858760618586,45.36877242721437
11,44.378032476139204,48.546764005054214,-5.320337015205859e-35,7.950456617585354e-36,-0.06722343161823452,0.011296133090275618,0.06816591803331538,0.004646592381324671,0.004646592381324671,44.378032476139204
12,46.05262034370391,87.56629246977461,-5.473631898999579e-35,6.856724716820572e-36,-0.06919075495965218,0.009945670963173973,0.0699019094359686,0.004886276942794357,0.004886276942794357,46.05262034370391
13,45.442959748779124,127.40086401707819,-2.2296626623866083e-35,7.26712206835683e-36,-0.028081715818198412,0.009719761744284286,0.02971626712189314,0.0008830565316597072,0.0008830565316597072,45.442959748779124
14,90.66923927482549,-126.22254534547845,-1.2836773524404932e-35,7.209981371678214e-36,-0.016097829389501814,0.00942986311312128,0.01865643131431394,0.0003480624293857138,0.0003480624293857138,90.66923927482549
15,89.75397988388342,-88.00731480754399,-1.0380363383139431e-35,7.327296286223413e-36,-0.012982973003027082,0.009522017159234402,0.016100509270767942,0.00025922639877808443,0.00025922639877808443,89.75397988388342
16,89.8474955358139,-48.80995411281568,-1.065687376210702e-35,8.08274056740649e-36,-0.013315929559498334,0.010485488048670317,0.01694872973565658,0.00028725943965232957,0.00028725943965232957,89.8474955358139
17,90.8733845026861,-10.499101237574722,-1.0602026392498695e-35,8.24050746981536e-36,-0.013242813029063863,0.010684110413419046,0.017015355190206076,0.0002895223122488729,0.0002895223122488729,90.8733845026861
18,91.92515318168441,28.09637113660874,-1.0834921697818509e-35,8.146353794056419e-36,-0.013540045516327467,0.010570176826185844,0.017177353425980844,0.00029506147072105583,0.00029506147072105583,91.92515318168441
19,90.73136499741865,69.46570493295884,-1.0576022785707428e-35,7.277066684568544e-36,-0.013232019391990379,0.009462877220495342,0.016267525395098636,0.00026463238248017904,0.00026463238248017904,90.73136499741865
20,90.5266856028808,106.99141181624918,-1.1178422606961586e-35,6.487100135553547e-36,-0.014013395515996662,0.008475876386529297,0.01637729325644138,0.0002682157344074803,0.0002682157344074803,90.5266856028808
21,135.21199612030375,-106.68729920383763,-8.270275914497672e-36,5.227686648721967e-36,-0.010357863809913636,0.006813392186768899,0.012397889166928463,0.00015370765579544214,0.00015370765579544214,135.21199612030375
22,134.7103936704416,-68.48509834554068,-7.553763627076199e-36,5.742621473727606e-36,-0.009438236040265134,0.007449316723641333,0.012023835461319408,0.0001445726192008821,0.0001445726192008821,134.7103936704416
23,134.50271184574183,-27.8321559882009,-7.381180790814026e-36,6.023122611350001e-36,-0.00921313212566762,0.007800730726369016,0.012072000804768297,0.0001457332034303264,0.0001457332034303264,134.50271184574183
24,135.678439700461,8.166550860034178,-7.309529574597159e-36,5.899241110758605e-36,-0.009125201642641372,0.007642131116166582,0.011902582619563968,0.00014167147301554625,0.00014167147301554625,135.678439700461
25,133.15098305349792,49.005213960698896,-7.594585629150174e-36,5.731236565644978e-36,-0.009490217411035033,0.007435831159611997,0.012056359796512758,0.00014535581154296914,0.00014535581154296914,133.15098305349792
26,135.40596218716064,87.82209648067523,-7.262649598781577e-36,4.6304260541053136e-36,-0.009094979866569096,0.006033522723896903,0.010914305073300707,0.00011912205523307754,0.00011912205523307754,135.40596218716064
27,134.7796845383967,125.90972593476407,-8.736566331460112e-36,4.007795547938263e-36,-0.01097668052180057,0.005278567182728573,0.012179933775692505,0.0001483507867802551,0.0001483507867802551,134.7796845383967
28,181.05382739099088,-127.14723274288947,-8.478271287836266e-36,2.1987863858700146e-36,-0.010691025863112005,0.0029806966987448976,0.01109876510318326,0.00012318258681563854,0.00012318258681563854,181.05382739099088
29,179.70800288910323,-88.00010774205285,-7.138683173836614e-36,2.8740820974295418e-36,-0.008978302514604596,0.0038054651677542494,0.009751486101448645,9.509148118674609e-05,9.509148118674609e-05,179.70800288910323
30,180.47913869334306,-48.7171045667373,-7.311699042968715e-36,3.3889553437565206e-36,-0.009185667558107255,0.004461764005004569,0.010211945286007877,0.0001042838265244185,0.0001042838265244185,180.47913869334306
31,180.7685835037696,-9.487864320100146,-7.253682092815026e-36,3.4730920361460604e-36,-0.009110228243911694,0.004567027392939782,0.010190878169423314,0.00010385399786402868,0.00010385399786402868,180.7685835037696
32,179.83673803856493,28.925130100515748,-7.212869955106866e-36,3.3504759356557803e-36,-0.009061340365169085,0.004410740048679085,0.010077823028336238,0.00010156251699046418,0.00010156251699046418,179.83673803856493
33,180.8104306326483,68.01654485865451,-7.105023472897867e-36,2.7463606263552058e-36,-0.00893859382969658,0.003642874004128656,0.009652408542029608,9.316899066224615e-05,9.316899066224615e-05,180.8104306326483
34,179.78646974041237,107.32386762238652,-7.732906457871314e-36,1.9891398311739497e-36,-0.0097515030530424,0.002697946456269294,0.010117842006791333,0.00010237072687439127,0.00010237072687439127,179.78646974041237
35,225.08196457066165,-106.77017504712005,-7.292991173051272e-36,-3.8764375419644034e-38,-0.009240776779780753,0.00011857011422922803,0.009241537445994766,8.540601436572347e-05,8.540601436572347e-05,225.08196457066165
36,225.63794150393443,-68.18796139740016,-6.736405082766928e-36,5.372398251379192e-37,-0.008522364043953318,0.0008355438250419812,0.008563224998867783,7.332882238123414e-05,7.332882238123414e-05,225.63794150393443
37,226.16958133749364,-29.696563618261838,-6.924821103872027e-36,7.779193760138189e-37,-0.008755544723761178,0.0011448059047760172,0.008830070439661976,7.797014396939224e-05,7.797014396939224e-05,226.16958133749364
38,226.59467823683894,10.569826475094814,-6.894703125012488e-36,7.1455911332815335e-37,-0.008718843424747675,0.0010638388741980092,0.008783506350855598,7.714998381552063e-05,7.714998381552063e-05,226.59467823683894
39,223.68757539694514,48.145415340407865,-6.741760486364987e-36,5.592107986174057e-37,-0.008528643931118579,0.0008635031744282685,0.00857224620715326,7.348340503605346e-05,7.348340503605346e-05,223.68757539694514
40,225.13766797424535,87.6117001258131,-6.514033389429894e-36,-1.8055822650398382e-38,-0.008253396838580831,0.00012689685315235628,0.00825437230723427,6.813466218643601e-05,6.813466218643601e-05,225.13766797424535
41,226.08030197532844,126.54008849965759,-7.332785484390014e-36,-1.118935113916652e-36,-0.009316029981386352,-0.001249041731505277,0.00939938933447972,8.83485198611311e-05,8.83485198611311e-05,226.08030197532844
42,270.41404451994276,-127.02798506955571,-6.42862121707735e-36,-2.9180155239241343e-36,-0.008211860338641217,-0.0035491829748893434,0.008946024257210184,8.003135001059303e-05,8.003135001059303e-05,270.41404451994276
43,270.611373834795,-87.28493360186057,-5.7767463434557504e-36,-1.9126341436716637e-36,-0.007362848704132988,-0.0022903989709515105,0.007710866908855875,5.945746848608856e-05,5.945746848608856e-05,270.611373834795
44,270.21372114141144,-47.377997515448754,-5.8641605887075705e-36,-1.6238233160377385e-36,-0.007466958114167348,-0.0019224790353064662,0.007710472691082077,5.945138911992249e-05,5.945138911992249e-05,270.21372114141144
45,269.85545651903254,-10.442477611134663,-5.982259791017002e-36,-1.5462778163093665e-36,-0.0076148014385901824,-0.0018215170670503335,0.007829631241298072,6.130312537471078e-05,6.130312537471078e-05,269.85545651903254
46,270.64894355167485,30.199915929660126,-5.9967369644323746e-36,-1.716860709959821e-36,-0.007637065450462934,-0.002037304909748948,0.007904136890890857,6.247537998994178e-05,6.247537998994178e-05,270.64894355167485
47,270.05413171853826,68.84635204627189,-5.624756879696514e-36,-1.9069046501927957e-36,-0.007170153286571034,-0.0022866345560413038,0.007525941518893672,5.6639795745807596e-05,5.6639795745807596e-05,270.05413171853826
48,269.16297892163726,106.83389646309712,-5.7813339822397104e-36,-2.6597751974264935e-36,-0.007385839539804131,-0.0032368869557478416,0.008063997945933805,6.502806287202463e-05,6.502806287202463e-05,269.16297892163726
49,314.9481148745534,-108.2020948990622,-4.6499459556677916e-36,-4.699070335387588e-36,-0.005999310904644877,-0.005846593649540446,0.008377015496788676,7.017438863343763e-05,7.017438863343763e-05,314.9481148745534
50,314.5904119667001,-69.10264504615569,-4.6387990365300484e-36,-4.008862765146565e-36,-0.0059693187944323016,-0.0049723885915423675,0.00776900348660389,6.03574151748634e-05,6.03574151748634e-05,314.5904119667001
51,315.610775762884,-29.23750547929041,-4.830744122592062e-36,-4.011377600043472e-36,-0.006212562241373151,-0.004971161508862157,0.007956656103548027,6.330837635012807e-05,6.330837635012807e-05,315.610775762884
52,315.231329840895,9.852942863337105,-4.817116899735527e-36,-3.9777078921385396e-36,-0.0061945230299387585,-0.004928816853901379,0.007916144967580113,6.266535114774395e-05,6.266535114774395e-05,315.231329840895
53,314.88848264906426,49.04618249283245,-4.561180589999097e-36,-4.030086560297449e-36,-0.005871467765131071,-0.005001062795384591,0.007712636566074743,5.94847628003532e-05,5.94847628003532e-05,314.88848264906426
54,315.24700344823475,87.30610601166173,-4.129726197668461e-36,-4.1740473223894074e-36,-0.005328144820622923,-0.005193374619907269,0.007440448049158589,5.5360267172227855e-05,5.5360267172227855e-05,315.24700344823475
55,314.91171769873733,125.5017678006699,-4.1845578684101296e-36,-5.1099350970436284e-36,-0.005419132266907787,-0.006377840820748947,0.008369220277962143,7.004384806105273e-05,7.004384806105273e-05,314.91171769873733
