seed,remote_calibrated_count,spearman_rank_correlation,top5_overlap,top10_overlap,strongest_hotspot_identity_changes,largest_rank_increase,largest_rank_decrease
20260813,31,0.965725806451613,5,9,True,6.0,-3.0
20365542,8,0.8571428571428572,4,8,False,2.0,-2.0
20470271,16,0.9470588235294116,5,10,True,3.0,-3.0
20575000,32,0.8310117302052785,3,6,True,18.0,-13.0
20679729,13,0.9505494505494506,5,10,False,2.0,-2.0
20784458,49,0.9163265306122448,4,8,True,27.0,-10.0
20889187,89,0.9565372829417775,3,8,True,42.0,-14.0
20993916,43,0.8671096345514949,3,7,False,21.0,-9.0
21098645,75,0.9284495021337126,4,8,True,35.0,-14.0
21203374,58,0.9237749546279493,4,6,False,26.0,-13.0
