particle_id,x_nm,y_nm,radius_nm,coordination
0,0.0,0.0,10.0,4
1,21.92966729119411,1.24409285648757,10.0,3
2,-19.325174496363406,-12.902582718698643,10.0,5
3,43.07769247174732,12.61237526522406,10.0,4
4,66.80044823928077,15.434592341778513,10.0,5
5,-43.21943699972635,-10.928362712074462,10.0,4
6,-65.811081681464,-9.76427716249789,10.0,3
7,-89.37240380511399,-6.616751995798733,10.0,4
8,-111.46735892204975,3.2564299433205868,10.0,2
9,89.2704572397898,18.311911128584004,10.0,4
10,-30.541559593509206,-33.45003650686412,10.0,4
11,109.35951179287898,11.036259416340583,10.0,4
12,123.29746602111123,27.55972079271794,10.0,3
13,-134.49664514666765,7.909158492245311,10.0,3
14,144.39708930638716,35.45265875519225,10.0,4
15,-30.86525682012497,8.44442997336968,10.0,5
16,-51.33693424429227,-39.09840266415918,10.0,3
17,-67.28616277274133,-55.22133258757102,10.0,2
18,-152.94134790913344,-5.679786302571339,10.0,2
19,88.81660591209511,40.592983666527985,10.0,3
20,-54.716179878390086,14.014453051954067,10.0,3
21,99.94755211757345,61.42070610006209,10.0,3
22,51.0993485452586,34.552346668479075,10.0,3
23,37.07254388562968,-15.496316580552797,10.0,3
24,-36.2150066460144,31.799395303942443,10.0,4
25,-25.5404047854091,53.54234156045227,10.0,2
26,-82.71202165106037,-71.78922761543221,10.0,4
27,-53.59472170052656,48.042727588795614,10.0,2
28,-96.06022869024338,-89.75555203136189,10.0,3
29,166.16023548468416,36.27300334598019,10.0,4
30,-38.44294739755863,-57.418731269419915,10.0,3
31,189.12896577584326,41.69433286217692,10.0,3
32,-66.97478794918977,67.14685194430183,10.0,3
33,40.9226478259571,-38.181793215146314,10.0,2
34,-81.11281040860172,85.35434431662345,10.0,3
35,-154.14127143866307,20.666201494231046,10.0,2
36,-176.17374199139516,-4.0112576412021035,10.0,3
37,-106.60961213405255,-70.21177113650967,10.0,3
38,-199.98613965469914,-4.3308850001272345,10.0,2
39,-125.87414568420976,-84.51529021695868,10.0,4
40,-77.36230081395391,19.817538498747165,10.0,2
41,121.24593234394445,64.67033745581834,10.0,3
42,209.1239965071295,50.17457102153441,10.0,3
43,-147.35422258261633,-91.49069338084816,10.0,3
44,61.26271118346928,-45.93123130307754,10.0,3
45,-92.22920542679061,36.342352196992884,10.0,2
46,67.026604893833,48.306598701455144,10.0,3
47,-224.53707364741032,-0.6708462263035115,10.0,3
48,-102.93371938506927,86.42425370791852,10.0,3
49,83.06460309640123,-46.81139806793802,10.0,3
50,57.99312674797203,-5.094685826544444,10.0,4
51,-47.71884655562205,-79.28498016767827,10.0,3
52,-114.88381155971186,39.783923649315696,10.0,3
53,-28.419220784084203,77.8320166142591,10.0,3
54,-170.5042260241464,-88.57016396329854,10.0,3
55,-15.750484227687068,97.79203064750622,10.0,3
56,79.69103301928816,-1.7142883043234782,10.0,4
57,225.0944136943086,67.86445581015234,10.0,3
58,96.71444153754591,-16.469994851276603,10.0,2
59,-66.16629502437718,-91.36565509349397,10.0,3
60,-175.45191755937626,18.23074440541444,10.0,3
61,-137.87588982165136,46.35386862843374,10.0,2
62,133.4649402221128,7.894785851818035,10.0,5
63,-91.23849108945123,64.64903732745951,10.0,4
64,-191.21662783230244,-93.86996717915895,10.0,3
65,-237.75413368670777,15.693204737848093,10.0,2
66,155.76175537368167,14.895300842426133,10.0,4
67,232.88402699204957,47.125407103051465,10.0,4
68,-259.9706060433261,22.165694251730663,10.0,3
69,255.56002342724963,42.347228866663976,10.0,2
70,-17.341064412430768,120.21166946366927,10.0,2
71,-112.6235831992671,-104.87559072197064,10.0,4
72,244.53646707426918,76.87142907636424,10.0,3
73,-156.0654910001815,59.661234698635454,10.0,2
74,136.9240524713588,80.95959502089013,10.0,4
75,-106.67026570252798,-23.28791682412339,10.0,2
76,98.57080687788931,-63.4805788227383,10.0,3
77,257.77158175662316,98.08912561789987,10.0,3
78,145.0307138130773,103.22132070424654,10.0,2
79,-195.7019333340398,28.767720823005323,10.0,2
80,-172.53642216738376,-112.0523046316061,10.0,3
81,-21.160709776124342,142.3596107874987,10.0,2
82,-38.512756529588856,98.92882536928914,10.0,3
83,116.69942500771823,-78.14784997648542,10.0,2
84,177.91932592393715,14.54275521507732,10.0,3
85,-217.30744813856043,36.87663422699589,10.0,1
86,-178.06440874682954,67.48176794680077,10.0,2
87,-272.66323120635514,41.00092712575079,10.0,2
88,134.9596004714441,-89.64213047005589,10.0,2
89,-295.18330140950656,33.06622421307668,10.0,4
90,-236.13117111132163,-21.34722577274071,10.0,2
91,-134.27893994516603,-108.866195775938,10.0,5
92,-246.06813174785614,-42.1760486352309,10.0,2
93,-315.3371812189298,20.629866297631857,10.0,2
94,156.26631739956207,-100.00488743470927,10.0,2
95,278.3369585846661,110.35734130948413,10.0,2
96,117.59341454346297,-10.359479960911425,10.0,4
97,-268.1146556403236,-45.47265284834779,10.0,2
98,158.70632756417086,73.31967471358425,10.0,3
99,198.48183796099488,19.310294903781692,10.0,3
100,-115.31532847448997,61.38544409828311,10.0,3
101,-129.880036372134,80.05625175439789,10.0,2
102,276.9072387386763,35.83164280945134,10.0,3
103,-119.0012549703825,-44.08141657956625,10.0,2
104,289.7297265731335,16.50086311785817,10.0,3
105,-148.24563892124456,-125.98657835941098,10.0,2
106,174.47846678121823,-115.62797024945347,10.0,2
107,188.63880530511437,-133.4046222755519,10.0,2
108,312.0577164162929,19.724707653806053,10.0,3
109,167.74017658019622,106.0209289848391,10.0,2
110,334.39598015746594,12.68516001151035,10.0,2
111,-192.4232708904387,-125.13912289551807,10.0,3
112,-117.41683474089281,-126.85153607084494,10.0,3
113,-197.88829812876816,-147.77437006949557,10.0,2
114,-129.67645809303932,-146.79605974024017,10.0,2
115,78.7783265182687,68.26062868080913,10.0,3
116,-147.0901227215886,93.91994432895889,10.0,2
117,300.79207314156463,119.4929693765458,10.0,2
118,-40.86266722077481,-100.62219795642162,10.0,1
119,-201.3573229758764,66.678247474078,10.0,2
120,-69.47715664489992,-112.48872766566073,10.0,3
121,-287.5653263827439,-57.444509043115744,10.0,2
122,-107.96516684827282,108.88782167315398,10.0,2
123,322.0149882212025,124.86468723100937,10.0,2
124,357.3382276672833,6.334490441549108,10.0,2
125,268.96133355223026,75.1987358534753,10.0,2
126,-47.80400842770206,120.82100107800716,10.0,2
127,-64.75756163584755,135.63543244447294,10.0,3
128,-221.71115044980738,76.86971312602388,10.0,2
129,-168.56067967396757,-134.9731572028702,10.0,3
130,-309.27264446013567,-63.22546061738896,10.0,2
131,-337.4781645181749,16.579155056267915,10.0,2
132,-88.08923778991783,143.7867657706489,10.0,2
133,345.7831068213554,121.11984575278237,10.0,2
134,-359.91934108134797,13.398947899994305,10.0,2
135,-382.8044312405383,7.587679256088643,10.0,3
136,-406.41143031201455,11.039531487204043,10.0,2
137,-328.20313700200165,-74.57250139445674,10.0,2
138,141.9456415479753,-11.354014789083834,10.0,2
139,-58.58355308602504,158.58954949130526,10.0,2
140,-18.38771555266287,164.6256162503872,10.0,2
141,-95.22316567614536,164.51676438734285,10.0,2
142,-220.09860714212792,-157.16693917449524,10.0,1
143,-105.89954479811827,184.40602426027604,10.0,1
144,-349.737610216926,-80.0352845373357,10.0,2
145,-372.3453250240787,-77.62101511748575,10.0,3
146,-140.40308171117027,-52.8722861134312,10.0,2
147,-282.5317735151235,14.842579222920415,10.0,2
148,-165.06894192836614,106.71736974782306,10.0,1
149,-61.53882986362444,180.75540676797746,10.0,2
150,-211.43484867895276,-105.9604579764036,10.0,2
151,364.8722159232303,132.63042949235847,10.0,1
152,-244.7209571119021,82.03709894396552,10.0,2
153,379.5716976183492,12.190570433021586,10.0,1
154,89.85339605414906,87.49301459486833,10.0,3
155,-209.20497029648288,-78.58139354889867,10.0,1
156,190.67186896666718,110.89777308196751,10.0,2
157,196.67327244178293,133.12379724115203,10.0,2
158,-226.4339635838584,-124.68398558471557,10.0,1
159,-74.00711484300464,200.63931035943827,10.0,1
160,-10.234243886646667,18.684640126583247,10.0,2
161,111.80282336418445,98.95698087735772,10.0,2
162,213.78025787720406,149.10768158588348,10.0,2
163,-76.3377025360432,-28.581967868901053,10.0,2
164,208.31837957386483,-146.36984069904676,10.0,2
165,-266.7681976692804,86.94455506463909,10.0,2
166,-80.6299442473195,-133.77965342793152,10.0,1
167,-426.1254972950511,25.642741307791628,10.0,2
168,-144.09387780087536,-162.98306756455742,10.0,2
169,-121.53328564931277,128.0686490005684,10.0,2
170,231.83041517934822,-151.28928494883675,10.0,2
171,-394.20061151476455,-68.19590207266634,10.0,2
172,-139.9114964701332,143.09317429566863,10.0,2
173,73.74627337992692,-67.70750793789958,10.0,3
174,-414.50300423162764,-60.75978608103886,10.0,2
175,-287.1904191866629,97.27643426891183,10.0,3
176,-157.20642764510742,-183.06138116260013,10.0,2
177,142.7442036565627,58.29803129241044,10.0,4
178,-308.12587608689887,103.83224647951832,10.0,3
179,-156.38844061566988,157.55582185248772,10.0,1
180,91.99404948349711,109.69974038247067,10.0,2
181,-376.26923134366774,-13.62489263058025,10.0,1
182,-21.65404169711677,186.98361808427907,10.0,1
183,-388.45538886654754,-94.47578877082051,10.0,1
184,-155.78328956296053,-204.90876918643423,10.0,1
185,-163.00699441550685,-56.830501235573166,10.0,1
186,-329.4604263921139,115.15613025086591,10.0,1
187,237.73574507727605,150.62793060294157,10.0,1
188,253.04471044039565,-159.1643198269859,10.0,1
189,299.00995090991137,39.848326404916236,10.0,3
190,-52.11260283268044,-126.95578752218965,10.0,1
191,-0.14345917390837692,-21.883826385381145,10.0,3
192,180.68633202227213,79.3536321804998,10.0,1
193,-443.9227047749553,38.93547553618751,10.0,1
194,9.148292081294532,-42.349181195907214,10.0,2
195,-303.3924267430492,82.62414549937876,10.0,2
196,-437.33555145044556,-57.06115943818804,10.0,1
197,-311.02001970130385,49.36057217087195,10.0,1
198,-2.2146345293174168,-60.72472205933413,10.0,1
199,219.71383198997643,24.976448613745845,10.0,2
