particle_id,field,x_real,x_imag,y_real,y_imag,z_real,z_imag
0,incident,5.111820087510796e-13,0.0,0.0,0.0,0.0,0.0
0,scattered,-0.0047872205414385164,-0.0006320789604705328,0.0014940569805100285,0.0011492276660641243,0.0,0.0
0,total,-0.004787220540927334,-0.0006320789604705328,0.0014940569805100285,0.0011492276660641243,0.0,0.0
1,incident,4.935584908446168e-12,0.0,0.0,0.0,0.0,0.0
1,scattered,-0.003609795947144534,2.7399234659815633e-05,0.0025051958680889284,0.002179989988355282,0.0,0.0
1,total,-0.003609795942208949,2.7399234659815633e-05,0.0025051958680889284,0.002179989988355282,0.0,0.0
2,incident,6.526007625128148e-14,0.0,0.0,0.0,0.0,0.0
2,scattered,-0.004247803323897371,-0.00017417671440990507,0.00018253902258167016,0.0013905003493357834,0.0,0.0
2,total,-0.004247803323832111,-0.00017417671440990507,0.00018253902258167016,0.0013905003493357834,0.0,0.0
3,incident,1.6372818261060072e-10,0.0,0.0,0.0,0.0,0.0
3,scattered,-0.003030428451840195,0.0005966050957436161,0.0037651123428400794,0.002707175919194938,0.0,0.0
3,total,-0.0030304282881120125,0.0005966050957436161,0.0037651123428400794,0.002707175919194938,0.0,0.0
4,incident,2.2556627995010486e-15,0.0,0.0,0.0,0.0,0.0
4,scattered,-0.004712900140464615,-0.0008058744663057112,0.0007830925178584924,0.0012741379116717859,0.0,0.0
4,total,-0.004712900140462359,-0.0008058744663057112,0.0007830925178584924,0.0012741379116717859,0.0,0.0
5,incident,2.002991436464189e-15,0.0,0.0,0.0,0.0,0.0
5,scattered,-0.004569397195111854,-0.0007126181146276877,0.0016116030907720985,0.0018223003982385585,0.0,0.0
5,total,-0.004569397195109851,-0.0007126181146276877,0.0016116030907720985,0.0018223003982385585,0.0,0.0
6,incident,3.3856799701461503e-16,0.0,0.0,0.0,0.0,0.0
6,scattered,-0.0040947655340880535,-0.00027396848308993446,0.0007131548662754348,0.0021975976291842216,0.0,0.0
6,total,-0.004094765534087715,-0.00027396848308993446,0.0007131548662754348,0.0021975976291842216,0.0,0.0
7,incident,8.959824782068605e-18,0.0,0.0,0.0,0.0,0.0
7,scattered,-0.003937678087006589,-0.0005496522465335028,0.0003135864991004612,0.001738337111461664,0.0,0.0
7,total,-0.00393767808700658,-0.0005496522465335028,0.0003135864991004612,0.001738337111461664,0.0,0.0
8,incident,1.2932368133831633e-19,0.0,0.0,0.0,0.0,0.0
8,scattered,-0.0036343954203440615,-0.0009616445952066963,0.00033797024263798733,0.0021504223513408413,0.0,0.0
8,total,-0.0036343954203440615,-0.0009616445952066963,0.00033797024263798733,0.0021504223513408413,0.0,0.0
9,incident,2.8221798488997675e-19,0.0,0.0,0.0,0.0,0.0
9,scattered,-0.0028655488290783467,-0.0003096657536527093,0.0005228611426627475,0.002492480929202866,0.0,0.0
9,total,-0.0028655488290783462,-0.0003096657536527093,0.0005228611426627475,0.002492480929202866,0.0,0.0
10,incident,3.601252056218051e-14,0.0,0.0,0.0,0.0,0.0
10,scattered,-0.004149685346128927,0.0007526364916056743,0.001271047103337192,0.0022003365388878105,0.0,0.0
10,total,-0.004149685346092914,0.0007526364916056743,0.001271047103337192,0.0022003365388878105,0.0,0.0
11,incident,4.3933922083725776e-09,0.0,0.0,0.0,0.0,0.0
11,scattered,-0.0032616519908060596,0.0016892523294798826,0.004924521627657548,0.003238382361373104,0.0,0.0
11,total,-0.0032616475974138514,0.0016892523294798826,0.004924521627657548,0.003238382361373104,0.0,0.0
12,incident,8.478726535961998e-09,0.0,0.0,0.0,0.0,0.0
12,scattered,-0.0037936843530001385,0.001942033203283998,0.005237960188379135,0.0022195568379971505,0.0,0.0
12,total,-0.0037936758742736026,0.001942033203283998,0.005237960188379135,0.0022195568379971505,0.0,0.0
13,incident,8.532476324897335e-08,0.0,0.0,0.0,0.0,0.0
13,scattered,-0.00303196117317715,0.002456830485112667,0.007416517712927431,0.0024465594691283903,0.0,0.0
13,total,-0.003031875848413901,0.002456830485112667,0.007416517712927431,0.0024465594691283903,0.0,0.0
14,incident,1.2103313515142872e-07,0.0,0.0,0.0,0.0,0.0
14,scattered,-0.0021258103705215333,0.0033636743494194514,0.0044977841214332015,0.0033271483418380373,0.0,0.0
14,total,-0.002125689337386382,0.0033636743494194514,0.0044977841214332015,0.0033271483418380373,0.0,0.0
15,incident,1.5938743957135207e-21,0.0,0.0,0.0,0.0,0.0
15,scattered,-0.0030843248953672836,-0.0009712721953498925,-0.00023413956733244737,0.002299497396098664,0.0,0.0
15,total,-0.0030843248953672836,-0.0009712721953498925,-0.00023413956733244737,0.002299497396098664,0.0,0.0
16,incident,4.6068786004265885e-07,0.0,0.0,0.0,0.0,0.0
16,scattered,-0.0005733972752980697,0.0038826535620870425,0.009115384954765054,0.0026810745896601674,0.0,0.0
16,total,-0.0005729365874380271,0.0038826535620870425,0.009115384954765054,0.0026810745896601674,0.0,0.0
17,incident,2.391979085860156e-06,0.0,0.0,0.0,0.0,0.0
17,scattered,-0.0022429706803619776,0.004419116752298513,0.004675462361927927,0.003063201706295418,0.0,0.0
17,total,-0.0022405787012761175,0.004419116752298513,0.004675462361927927,0.003063201706295418,0.0,0.0
18,incident,2.3576493561268345e-20,0.0,0.0,0.0,0.0,0.0
18,scattered,-0.0028063256622482126,-0.0007833272823168893,0.0006473753114709263,0.002091235878651993,0.0,0.0
18,total,-0.0028063256622482126,-0.0007833272823168893,0.0006473753114709263,0.002091235878651993,0.0,0.0
19,incident,9.357274577619338e-07,0.0,0.0,0.0,0.0,0.0
19,scattered,-0.0011319039420828877,0.003953837338571173,0.00763372882693382,0.0011057024036844432,0.0,0.0
19,total,-0.0011309682146251258,0.003953837338571173,0.00763372882693382,0.0011057024036844432,0.0,0.0
20,incident,1.7311790247881614e-21,0.0,0.0,0.0,0.0,0.0
20,scattered,-0.002659541777400374,-0.0009613053897087985,0.0006739766023161919,0.002118951315145751,0.0,0.0
20,total,-0.002659541777400374,-0.0009613053897087985,0.0006739766023161919,0.002118951315145751,0.0,0.0
21,incident,1.5156405552065882e-14,0.0,0.0,0.0,0.0,0.0
21,scattered,-0.0041990987911308805,0.00025816412333797467,0.0021557538612547323,0.0017194442862989482,0.0,0.0
21,total,-0.004199098791115724,0.00025816412333797467,0.0021557538612547323,0.0017194442862989482,0.0,0.0
22,incident,1.0468843854713141e-22,0.0,0.0,0.0,0.0,0.0
22,scattered,-0.002632766170986416,-0.001332867474656357,9.076779171128268e-05,0.0021678095617438616,0.0,0.0
22,total,-0.002632766170986416,-0.001332867474656357,9.076779171128268e-05,0.0021678095617438616,0.0,0.0
23,incident,1.6406469173312607e-06,0.0,0.0,0.0,0.0,0.0
23,scattered,0.004165744052806765,0.006353977099075821,0.009657744622097007,0.00289077179647006,0.0,0.0
23,total,0.004167384699724096,0.006353977099075821,0.009657744622097007,0.00289077179647006,0.0,0.0
24,incident,5.47409971712724e-07,0.0,0.0,0.0,0.0,0.0
24,scattered,0.005186691135160955,0.006862217770282573,0.00597277577886988,0.0021233742552786324,0.0,0.0
24,total,0.005187238545132668,0.006862217770282573,0.00597277577886988,0.0021233742552786324,0.0,0.0
25,incident,1.976276933169995e-07,0.0,0.0,0.0,0.0,0.0
25,scattered,0.005662844073189486,0.007232774536426042,0.003480219622362038,0.0009853471579854393,0.0,0.0
25,total,0.005663041700882803,0.007232774536426042,0.003480219622362038,0.0009853471579854393,0.0,0.0
26,incident,2.835278069043431e-08,0.0,0.0,0.0,0.0,0.0
26,scattered,0.0046505459585137274,0.006820820474440371,0.001951342030874341,0.0015870175302394882,0.0,0.0
26,total,0.0046505743112944175,0.006820820474440371,0.001951342030874341,0.0015870175302394882,0.0,0.0
27,incident,7.737748805633059e-25,0.0,0.0,0.0,0.0,0.0
27,scattered,-0.0025303962850245065,-0.001608997718827099,-0.0002364447458505647,0.0015607746129799426,0.0,0.0
27,total,-0.0025303962850245065,-0.001608997718827099,-0.0002364447458505647,0.0015607746129799426,0.0,0.0
28,incident,2.605914998311898e-25,0.0,0.0,0.0,0.0,0.0
28,scattered,-0.0019192499660795608,-0.0012488204697554523,-0.00021857337080207284,0.0023364813277019733,0.0,0.0
28,total,-0.0019192499660795608,-0.0012488204697554523,-0.00021857337080207284,0.0023364813277019733,0.0,0.0
29,incident,2.383235838253662e-22,0.0,0.0,0.0,0.0,0.0
29,scattered,-0.002445002964583394,-0.0006379903858313949,0.0003746104425955459,0.0022755309064403776,0.0,0.0
29,total,-0.002445002964583394,-0.0006379903858313949,0.0003746104425955459,0.0022755309064403776,0.0,0.0
30,incident,2.9255632505485914e-05,0.0,0.0,0.0,0.0,0.0
30,scattered,0.011856210458869362,0.00900932239564389,0.01158762650486364,0.0036656449587453583,0.0,0.0
30,total,0.011885466091374848,0.00900932239564389,0.01158762650486364,0.0036656449587453583,0.0,0.0
31,incident,3.531767419214253e-05,0.0,0.0,0.0,0.0,0.0
31,scattered,-0.002276480752533539,0.003863012938971459,0.007525747428713828,0.003224949739719128,0.0,0.0
31,total,-0.0022411630783413963,0.003863012938971459,0.007525747428713828,0.003224949739719128,0.0,0.0
32,incident,4.73837157705805e-09,0.0,0.0,0.0,0.0,0.0
32,scattered,0.0038946304324732374,0.005597734535561101,0.0004410032843582632,0.0005458424043114794,0.0,0.0
32,total,0.0038946351708448144,0.005597734535561101,0.0004410032843582632,0.0005458424043114794,0.0,0.0
33,incident,6.301031693912502e-15,0.0,0.0,0.0,0.0,0.0
33,scattered,-0.0038548474190506963,0.0006805386792634637,0.0015741101240103,0.0019980629277093123,0.0,0.0
33,total,-0.0038548474190443953,0.0006805386792634637,0.0015741101240103,0.0019980629277093123,0.0,0.0
34,incident,1.760904413924988e-23,0.0,0.0,0.0,0.0,0.0
34,scattered,-0.0022505315642623786,-0.000781153573525259,0.00043477675965623375,0.0022920905320559237,0.0,0.0
34,total,-0.0022505315642623786,-0.000781153573525259,0.00043477675965623375,0.0022920905320559237,0.0,0.0
35,incident,7.329774364426103e-26,0.0,0.0,0.0,0.0,0.0
35,scattered,-0.0020585453863921923,-0.00023386806445821866,-0.0004561954766088875,0.0017278943964401812,0.0,0.0
35,total,-0.0020585453863921923,-0.00023386806445821866,-0.0004561954766088875,0.0017278943964401812,0.0,0.0
36,incident,1.489621523174157e-27,0.0,0.0,0.0,0.0,0.0
36,scattered,-0.0017730754853932313,-0.0011710185393693122,-0.000886400188091898,0.0019344979591834875,0.0,0.0
36,total,-0.0017730754853932313,-0.0011710185393693122,-0.000886400188091898,0.0019344979591834875,0.0,0.0
37,incident,3.3991994617435304e-16,0.0,0.0,0.0,0.0,0.0
37,scattered,-0.0033714621387908256,4.5931012871702766e-05,0.0020159485048553472,0.0023660049762391808,0.0,0.0
37,total,-0.0033714621387904856,4.5931012871702766e-05,0.0020159485048553472,0.0023660049762391808,0.0,0.0
38,incident,1.3714658161589268e-28,0.0,0.0,0.0,0.0,0.0
38,scattered,-0.0015828043789647762,-0.001455228257621395,-0.0007114239736921142,0.0017879772935919366,0.0,0.0
38,total,-0.0015828043789647762,-0.001455228257621395,-0.0007114239736921142,0.0017879772935919366,0.0,0.0
39,incident,1.477263801341278e-17,0.0,0.0,0.0,0.0,0.0
39,scattered,-0.0030712654354629293,-0.0007446152058450399,0.00019695146871305394,0.0017173260419391602,0.0,0.0
39,total,-0.0030712654354629145,-0.0007446152058450399,0.00019695146871305394,0.0017173260419391602,0.0,0.0
40,incident,8.779087511654702e-27,0.0,0.0,0.0,0.0,0.0
40,scattered,-0.0018870869041083898,-0.00017027728368854172,-0.0006281538079679738,0.0019171635621472924,0.0,0.0
40,total,-0.0018870869041083898,-0.00017027728368854172,-0.0006281538079679738,0.0019171635621472924,0.0,0.0
41,incident,1.385872125288664e-05,0.0,0.0,0.0,0.0,0.0
41,scattered,0.012330419139525045,0.009059955428530237,0.006440647581999395,0.0016066764290917747,0.0,0.0
41,total,0.01234427786077793,0.009059955428530237,0.006440647581999395,0.0016066764290917747,0.0,0.0
42,incident,2.5337487778365203e-23,0.0,0.0,0.0,0.0,0.0
42,scattered,-0.0020567637202434444,1.9678787226488343e-05,0.00011874624026286683,0.0027194916544265517,0.0,0.0
42,total,-0.0020567637202434444,1.9678787226488343e-05,0.00011874624026286683,0.0027194916544265517,0.0,0.0
43,incident,1.2963017365954806e-09,0.0,0.0,0.0,0.0,0.0
43,scattered,0.0025450573837327976,0.004987535044247863,-0.0006351300074746504,-0.00016344176612444834,0.0,0.0
43,total,0.002545058680034534,0.004987535044247863,-0.0006351300074746504,-0.00016344176612444834,0.0,0.0
44,incident,1.4069466001104691e-31,0.0,0.0,0.0,0.0,0.0
44,scattered,-0.0013061185008584708,-0.0014602895946166517,-0.0009792464311607545,0.00123005997172516,0.0,0.0
44,total,-0.0013061185008584708,-0.0014602895946166517,-0.0009792464311607545,0.00123005997172516,0.0,0.0
45,incident,1.0039819964088886e-34,0.0,0.0,0.0,0.0,0.0
45,scattered,-0.0008310217513394129,-0.0013752826224872458,-0.0011688700425589393,0.0011397640820144728,0.0,0.0
45,total,-0.0008310217513394129,-0.0013752826224872458,-0.0011688700425589393,0.0011397640820144728,0.0,0.0
46,incident,4.7432875054268305e-29,0.0,0.0,0.0,0.0,0.0
46,scattered,-0.0019533191893929833,-0.00028056556229579953,-0.0008051717249227356,0.0011554352799923587,0.0,0.0
46,total,-0.0019533191893929833,-0.00028056556229579953,-0.0008051717249227356,0.0011554352799923587,0.0,0.0
47,incident,0.0004303083393929984,0.0,0.0,0.0,0.0,0.0
47,scattered,-0.003375587478254549,0.004312568651621126,0.012257345310195473,0.002697766303855248,0.0,0.0
47,total,-0.0029452791388615506,0.004312568651621126,0.012257345310195473,0.002697766303855248,0.0,0.0
48,incident,2.6915588082953093e-31,0.0,0.0,0.0,0.0,0.0
48,scattered,-0.0017165013082296701,-0.0005214627198004052,-0.0006572470409812645,0.0007972922978853564,0.0,0.0
48,total,-0.0017165013082296701,-0.0005214627198004052,-0.0006572470409812645,0.0007972922978853564,0.0,0.0
49,incident,1.492643549528706e-32,0.0,0.0,0.0,0.0,0.0
49,scattered,-0.0010927292602043001,-0.0013572815613444311,-0.000954107774405757,0.0013295559174271157,0.0,0.0
49,total,-0.0010927292602043001,-0.0013572815613444311,-0.000954107774405757,0.0013295559174271157,0.0,0.0
50,incident,1.139430944066872e-34,0.0,0.0,0.0,0.0,0.0
50,scattered,-0.0009749202993829635,-0.0014182019611133983,-0.000857994203052657,0.0008077834584662604,0.0,0.0
50,total,-0.0009749202993829635,-0.0014182019611133983,-0.000857994203052657,0.0008077834584662604,0.0,0.0
51,incident,2.796046084137491e-09,0.0,0.0,0.0,0.0,0.0
51,scattered,0.003204818779858135,0.005919555371985593,0.0024463407918548824,0.0022469575165065345,0.0,0.0
51,total,0.0032048215759042193,0.005919555371985593,0.0024463407918548824,0.0022469575165065345,0.0,0.0
52,incident,5.120675468568199e-11,0.0,0.0,0.0,0.0,0.0
52,scattered,0.002328928924892697,0.005494112138477927,-0.0010325789709362428,-0.001018439995192433,0.0,0.0
52,total,0.0023289289760994513,0.005494112138477927,-0.0010325789709362428,-0.001018439995192433,0.0,0.0
53,incident,3.8699987883402862e-16,0.0,0.0,0.0,0.0,0.0
53,scattered,-0.002935566511515746,0.0007383927032173906,0.0022498453752595893,0.002295030054188047,0.0,0.0
53,total,-0.0029355665115153593,0.0007383927032173906,0.0022498453752595893,0.002295030054188047,0.0,0.0
54,incident,5.9255321499656414e-24,0.0,0.0,0.0,0.0,0.0
54,scattered,-0.0024923461693865567,0.0001430919414384888,-4.1672288822610526e-05,0.0016075161849019876,0.0,0.0
54,total,-0.0024923461693865567,0.0001430919414384888,-4.1672288822610526e-05,0.0016075161849019876,0.0,0.0
55,incident,0.0031521673935672114,0.0,0.0,0.0,0.0,0.0
55,scattered,-0.006785871646646728,0.005242241223627812,0.0195621322760663,0.00226216082701114,0.0,0.0
55,total,-0.0036337042530795167,0.005242241223627812,0.0195621322760663,0.00226216082701114,0.0,0.0
56,incident,5.603966651769157e-24,0.0,0.0,0.0,0.0,0.0
56,scattered,-0.002325049811713565,-0.0011786220750002491,-0.0005265061134339438,0.0020923292075769053,0.0,0.0
56,total,-0.002325049811713565,-0.0011786220750002491,-0.0005265061134339438,0.0020923292075769053,0.0,0.0
57,incident,1.063258911185707e-37,0.0,0.0,0.0,0.0,0.0
57,scattered,-0.0008535247370942812,-0.0014884649956055913,-0.0008400205245247757,0.0005165809545051408,0.0,0.0
57,total,-0.0008535247370942812,-0.0014884649956055913,-0.0008400205245247757,0.0005165809545051408,0.0,0.0
58,incident,0.01763831857410204,0.0,0.0,0.0,0.0,0.0
58,scattered,-0.0068945799626182235,0.006904879387454957,0.031308274927461584,0.004227767389606488,0.0,0.0
58,total,0.010743738611483818,0.006904879387454957,0.031308274927461584,0.004227767389606488,0.0,0.0
59,incident,0.013501535090687172,0.0,0.0,0.0,0.0,0.0
59,scattered,0.03278443498947352,0.01038624360040387,0.04127934032811227,0.0038985296842165285,0.0,0.0
59,total,0.04628597008016069,0.01038624360040387,0.04127934032811227,0.0038985296842165285,0.0,0.0
60,incident,1.1322414174424062e-08,0.0,0.0,0.0,0.0,0.0
60,scattered,0.0031294242502113976,0.00466361683799148,-0.0005111020553191348,0.0011862986305318593,0.0,0.0
60,total,0.0031294355726255722,0.00466361683799148,-0.0005111020553191348,0.0011862986305318593,0.0,0.0
61,incident,1.2247252315250632e-28,0.0,0.0,0.0,0.0,0.0
61,scattered,-0.0015803521195020928,-0.0003717516286768055,-0.000796759111110223,0.0016535327285482257,0.0,0.0
61,total,-0.0015803521195020928,-0.0003717516286768055,-0.000796759111110223,0.0016535327285482257,0.0,0.0
62,incident,0.0531944785859621,0.0,0.0,0.0,0.0,0.0
62,scattered,-0.00441590427415154,0.007252873697109379,0.07617424209718728,0.007467900233559774,0.0,0.0
62,total,0.04877857431181056,0.007252873697109379,0.07617424209718728,0.007467900233559774,0.0,0.0
63,incident,4.381701218800848e-34,0.0,0.0,0.0,0.0,0.0
63,scattered,-0.001668113921866845,-0.0008011319899037407,-0.0005429729762334663,0.0005279797984477523,0.0,0.0
63,total,-0.001668113921866845,-0.0008011319899037407,-0.0005429729762334663,0.0005279797984477523,0.0,0.0
64,incident,4.579233968662255e-06,0.0,0.0,0.0,0.0,0.0
64,scattered,0.011540649911967406,0.009199082627514902,0.003093326310142812,0.0012490313402778715,0.0,0.0
64,total,0.011545229145936068,0.009199082627514902,0.003093326310142812,0.0012490313402778715,0.0,0.0
65,incident,1.0429916535207302e-05,0.0,0.0,0.0,0.0,0.0
65,scattered,0.0029255878911911993,0.005694585432287039,0.010782181693214352,0.003947067114304859,0.0,0.0
65,total,0.0029360178077264066,0.005694585432287039,0.010782181693214352,0.003947067114304859,0.0,0.0
66,incident,5.753826290740592e-05,0.0,0.0,0.0,0.0,0.0
66,scattered,0.011987054649051514,0.007816358100121714,0.006457365135710644,0.0018276284834601972,0.0,0.0
66,total,0.01204459291195892,0.007816358100121714,0.006457365135710644,0.0018276284834601972,0.0,0.0
67,incident,9.618003022667252e-37,0.0,0.0,0.0,0.0,0.0
67,scattered,-0.0013143036705889483,-0.0008541822892908773,-0.0006039002660855157,0.00045629186872666157,0.0,0.0
67,total,-0.0013143036705889483,-0.0008541822892908773,-0.0006039002660855157,0.00045629186872666157,0.0,0.0
68,incident,6.891579612734679e-26,0.0,0.0,0.0,0.0,0.0
68,scattered,-0.0020622888455345857,-0.0001385538064410402,-0.0002891342464945263,0.0016487827788450784,0.0,0.0
68,total,-0.0020622888455345857,-0.0001385538064410402,-0.0002891342464945263,0.0016487827788450784,0.0,0.0
69,incident,3.0298536486942236e-39,0.0,0.0,0.0,0.0,0.0
69,scattered,-0.0008112780581599527,-0.0008185620561419605,-0.00037860224851798437,0.0005019334019063564,0.0,0.0
69,total,-0.0008112780581599527,-0.0008185620561419605,-0.00037860224851798437,0.0005019334019063564,0.0,0.0
70,incident,2.029607862947151e-30,0.0,0.0,0.0,0.0,0.0
70,scattered,-0.0012584545811394159,-0.0011116543087360351,-0.0011245959121871437,0.0016072457132018255,0.0,0.0
70,total,-0.0012584545811394159,-0.0011116543087360351,-0.0011245959121871437,0.0016072457132018255,0.0,0.0
71,incident,8.165051833417423e-17,0.0,0.0,0.0,0.0,0.0
71,scattered,-0.00303064760084597,0.0015665022697437798,0.0011385749367519833,0.0021810781714610744,0.0,0.0
71,total,-0.0030306476008458883,0.0015665022697437798,0.0011385749367519833,0.0021810781714610744,0.0,0.0
72,incident,0.0001315503738114081,0.0,0.0,0.0,0.0,0.0
72,scattered,0.003635695986987702,0.005471080567434986,0.01829111479208712,0.003877578441432594,0.0,0.0
72,total,0.0037672463607991103,0.005471080567434986,0.01829111479208712,0.003877578441432594,0.0,0.0
73,incident,3.2626403335134454e-19,0.0,0.0,0.0,0.0,0.0
73,scattered,-0.0030585078005414034,-0.0009060104228785226,-0.00015043548820755436,0.0016546802281896561,0.0,0.0
73,total,-0.003058507800541403,-0.0009060104228785226,-0.00015043548820755436,0.0016546802281896561,0.0,0.0
74,incident,3.691174427232738e-09,0.0,0.0,0.0,0.0,0.0
74,scattered,0.003329553330149175,0.005810672547726664,-0.001462774560941375,0.00032946512278720426,0.0,0.0
74,total,0.0033295570213236025,0.005810672547726664,-0.001462774560941375,0.00032946512278720426,0.0,0.0
75,incident,2.972935165706448e-27,0.0,0.0,0.0,0.0,0.0
75,scattered,-0.0019327214586073972,-9.130293852847831e-05,-0.0001437115395257779,0.0011424276991667181,0.0,0.0
75,total,-0.0019327214586073972,-9.130293852847831e-05,-0.0001437115395257779,0.0011424276991667181,0.0,0.0
76,incident,9.581859014984826e-29,0.0,0.0,0.0,0.0,0.0
76,scattered,-0.0016032546688879116,-0.00023611999458132972,6.692233852448258e-05,0.0008341384522610495,0.0,0.0
76,total,-0.0016032546688879116,-0.00023611999458132972,6.692233852448258e-05,0.0008341384522610495,0.0,0.0
77,incident,2.4745045060602634e-40,0.0,0.0,0.0,0.0,0.0
77,scattered,-0.0007270838019819868,-0.001440945709229949,-0.000858067728059211,0.00026076029688732784,0.0,0.0
77,total,-0.0007270838019819868,-0.001440945709229949,-0.000858067728059211,0.00026076029688732784,0.0,0.0
78,incident,0.0001566356777735526,0.0,0.0,0.0,0.0,0.0
78,scattered,0.01744541043528482,0.010209058180931643,0.011746078450363443,0.002023764981554655,0.0,0.0
78,total,0.01760204611305837,0.010209058180931643,0.011746078450363443,0.002023764981554655,0.0,0.0
79,incident,3.0308775809298673e-37,0.0,0.0,0.0,0.0,0.0
79,scattered,-0.0007783251827341978,-0.0014125145835579402,-0.0009825461344448077,0.0005177950783344496,0.0,0.0
79,total,-0.0007783251827341978,-0.0014125145835579402,-0.0009825461344448077,0.0005177950783344496,0.0,0.0
80,incident,4.511162076653467e-19,0.0,0.0,0.0,0.0,0.0
80,scattered,-0.0020473016657473232,0.0007392389827288229,0.000437925555936695,0.0024197854413680387,0.0,0.0
80,total,-0.002047301665747323,0.0007392389827288229,0.000437925555936695,0.0024197854413680387,0.0,0.0
81,incident,4.601887398733038e-21,0.0,0.0,0.0,0.0,0.0
81,scattered,-0.00281739363742733,-0.0017546537161465055,0.0002717323572310885,0.0019177165877395529,0.0,0.0
81,total,-0.00281739363742733,-0.0017546537161465055,0.0002717323572310885,0.0019177165877395529,0.0,0.0
82,incident,2.626421496306191e-40,0.0,0.0,0.0,0.0,0.0
82,scattered,-0.0009109858041158364,-0.0008990438177060791,-0.0004507337322156155,0.00023632963314671135,0.0,0.0
82,total,-0.0009109858041158364,-0.0008990438177060791,-0.0004507337322156155,0.00023632963314671135,0.0,0.0
83,incident,0.12147435238045663,0.0,0.0,0.0,0.0,0.0
83,scattered,0.11218070144273393,0.011067944036020719,0.15202957914528697,0.009006760075437744,0.0,0.0
83,total,0.23365505382319057,0.011067944036020719,0.15202957914528697,0.009006760075437744,0.0,0.0
84,incident,8.643296917096844e-05,0.0,0.0,0.0,0.0,0.0
84,scattered,0.011729254808080573,0.006598724574663951,0.004949671772957128,0.001679991775536635,0.0,0.0
84,total,0.011815687777251541,0.006598724574663951,0.004949671772957128,0.001679991775536635,0.0,0.0
85,incident,1.129486383121816e-21,0.0,0.0,0.0,0.0,0.0
85,scattered,-0.0017685595467496359,-0.0013547883499054943,6.252464722898181e-05,0.0020037549371447624,0.0,0.0
85,total,-0.0017685595467496359,-0.0013547883499054943,6.252464722898181e-05,0.0020037549371447624,0.0,0.0
86,incident,0.3263147927450115,0.0,0.0,0.0,0.0,0.0
86,scattered,0.23614619987430263,0.016544519627361684,0.18456338800246402,0.009251011244454467,0.0,0.0
86,total,0.5624609926193141,0.016544519627361684,0.18456338800246402,0.009251011244454467,0.0,0.0
87,incident,8.117644318726586e-18,0.0,0.0,0.0,0.0,0.0
87,scattered,-0.002548182272277946,0.001581378673840077,0.0009327565576400074,0.002209088042050584,0.0,0.0
87,total,-0.0025481822722779376,0.001581378673840077,0.0009327565576400074,0.002209088042050584,0.0,0.0
88,incident,0.00037217283263542614,0.0,0.0,0.0,0.0,0.0
88,scattered,0.01778863653231601,0.00700286994526175,0.0007224496225227985,0.0014363700929196862,0.0,0.0
88,total,0.018160809364951437,0.00700286994526175,0.0007224496225227985,0.0014363700929196862,0.0,0.0
89,incident,0.6128674916358509,0.0,0.0,0.0,0.0,0.0
89,scattered,0.22339095040543244,0.013101254700222928,0.16001821457881746,0.008211195976803509,0.0,0.0
89,total,0.8362584420412833,0.013101254700222928,0.16001821457881746,0.008211195976803509,0.0,0.0
90,incident,0.00027594518495174835,0.0,0.0,0.0,0.0,0.0
90,scattered,0.016212858228960847,0.011640642368019946,0.0125839984880958,0.0016343217691563376,0.0,0.0
90,total,0.016488803413912595,0.011640642368019946,0.0125839984880958,0.0016343217691563376,0.0,0.0
91,incident,3.014904398595779e-12,0.0,0.0,0.0,0.0,0.0
91,scattered,0.0012953957556225031,0.004211642425826639,-0.0015980118268919636,-0.0014108435944913285,0.0,0.0
91,total,0.0012953957586374074,0.004211642425826639,-0.0015980118268919636,-0.0014108435944913285,0.0,0.0
92,incident,2.2202761160618414e-10,0.0,0.0,0.0,0.0,0.0
92,scattered,0.0023225342847383278,0.0048963336381564635,-0.0026068021491106154,-0.0016461599192077272,0.0,0.0
92,total,0.0023225345067659393,0.0048963336381564635,-0.0026068021491106154,-0.0016461599192077272,0.0,0.0
93,incident,9.844856310999948e-06,0.0,0.0,0.0,0.0,0.0
93,scattered,0.011096198904539835,0.007830337681287878,-0.0016629836343670823,-0.0009119811006515541,0.0,0.0
93,total,0.011106043760850835,0.007830337681287878,-0.0016629836343670823,-0.0009119811006515541,0.0,0.0
94,incident,0.0010551242594595241,0.0,0.0,0.0,0.0,0.0
94,scattered,0.01181564991668166,0.010381073168435315,0.02112625940466591,0.002842130313045488,0.0,0.0
94,total,0.012870774176141185,0.010381073168435315,0.02112625940466591,0.002842130313045488,0.0,0.0
95,incident,8.822350991690773e-19,0.0,0.0,0.0,0.0,0.0
95,scattered,-0.002547567668344033,0.001471876802769574,0.0007789499050056829,0.0018655932470007578,0.0,0.0
95,total,-0.002547567668344032,0.001471876802769574,0.0007789499050056829,0.0018655932470007578,0.0,0.0
96,incident,0.7989400288693999,0.0,0.0,0.0,0.0,0.0
96,scattered,0.21326648014521496,0.011702493310940984,0.13667764733899115,0.00666261434971274,0.0,0.0
96,total,1.0122065090146148,0.011702493310940984,0.13667764733899115,0.00666261434971274,0.0,0.0
97,incident,1.2418940718510132e-43,0.0,0.0,0.0,0.0,0.0
97,scattered,-0.0007676510019978839,-0.0009279954141030904,-0.0004745843481401856,0.00010120412628373414,0.0,0.0
97,total,-0.0007676510019978839,-0.0009279954141030904,-0.0004745843481401856,0.00010120412628373414,0.0,0.0
98,incident,1.6043607521123675e-43,0.0,0.0,0.0,0.0,0.0
98,scattered,-0.000665968195315355,-0.000864885602093389,-0.00035095634588828425,0.00012000619255375398,0.0,0.0
98,total,-0.000665968195315355,-0.000864885602093389,-0.00035095634588828425,0.00012000619255375398,0.0,0.0
99,incident,7.005526425722894e-30,0.0,0.0,0.0,0.0,0.0
99,scattered,-0.0013267467319622557,-0.00019633672812953063,8.337954554716972e-05,0.000693907873144034,0.0,0.0
99,total,-0.0013267467319622557,-0.00019633672812953063,8.337954554716972e-05,0.000693907873144034,0.0,0.0
100,incident,1.0258510165160341e-33,0.0,0.0,0.0,0.0,0.0
100,scattered,-0.0007737264316626688,-0.0012189727294351093,-0.0013047274287311555,0.0013147780680010733,0.0,0.0
100,total,-0.0007737264316626688,-0.0012189727294351093,-0.0013047274287311555,0.0013147780680010733,0.0,0.0
101,incident,0.0028184159217320526,0.0,0.0,0.0,0.0,0.0
101,scattered,0.017652687205937777,0.008013907465747363,0.025416954758574493,0.0031132908320900907,0.0,0.0
101,total,0.02047110312766983,0.008013907465747363,0.025416954758574493,0.0031132908320900907,0.0,0.0
102,incident,1.2638244359320193e-26,0.0,0.0,0.0,0.0,0.0
102,scattered,-0.001645335578035171,-0.000975288861302594,-0.0010160566072064249,0.0015826110626695452,0.0,0.0
102,total,-0.001645335578035171,-0.000975288861302594,-0.0010160566072064249,0.0015826110626695452,0.0,0.0
103,incident,1.0157786536662316e-19,0.0,0.0,0.0,0.0,0.0
103,scattered,-0.002165847901532662,0.0013864699495278168,0.0004531108544284292,0.0017118836599384199,0.0,0.0
103,total,-0.002165847901532662,0.0013864699495278168,0.0004531108544284292,0.0017118836599384199,0.0,0.0
104,incident,1.471947869913756e-12,0.0,0.0,0.0,0.0,0.0
104,scattered,0.0008098008686642708,0.0035142260436152118,-0.0016665444947267399,-0.0011779310510092698,0.0,0.0
104,total,0.0008098008701362187,0.0035142260436152118,-0.0016665444947267399,-0.0011779310510092698,0.0,0.0
105,incident,8.979993585346777e-41,0.0,0.0,0.0,0.0,0.0
105,scattered,-0.000475793498145079,-0.0013474014706187753,-0.0009843135542435017,0.00024188017608360547,0.0,0.0
105,total,-0.000475793498145079,-0.0013474014706187753,-0.0009843135542435017,0.00024188017608360547,0.0,0.0
106,incident,1.454489501479939e-06,0.0,0.0,0.0,0.0,0.0
106,scattered,0.008279720172531386,0.0069950993097601015,-0.0036534600417795224,-0.0019067158583151314,0.0,0.0
106,total,0.008281174662032867,0.0069950993097601015,-0.0036534600417795224,-0.0019067158583151314,0.0,0.0
107,incident,3.806399321267082e-29,0.0,0.0,0.0,0.0,0.0
107,scattered,-0.001150535968364957,-0.001589731940435336,-0.0006951477658468587,0.0015763180945046688,0.0,0.0
107,total,-0.001150535968364957,-0.001589731940435336,-0.0006951477658468587,0.0015763180945046688,0.0,0.0
108,incident,0.0122195391809435,0.0,0.0,0.0,0.0,0.0
108,scattered,0.04776868137927241,0.010712987899960804,0.030959341030436748,0.0035871726572144287,0.0,0.0
108,total,0.05998822056021591,0.010712987899960804,0.030959341030436748,0.0035871726572144287,0.0,0.0
109,incident,2.3814438986744316e-43,0.0,0.0,0.0,0.0,0.0
109,scattered,-0.00035866990051457783,-0.001344236740841061,-0.00105181078941175,0.00010117016386029248,0.0,0.0
109,total,-0.00035866990051457783,-0.001344236740841061,-0.00105181078941175,0.00010117016386029248,0.0,0.0
110,incident,6.5670799733501e-23,0.0,0.0,0.0,0.0,0.0
110,scattered,-0.002224114244777005,-0.0017866535497968316,0.0001094812565989993,0.002022282199320875,0.0,0.0
110,total,-0.002224114244777005,-0.0017866535497968316,0.0001094812565989993,0.002022282199320875,0.0,0.0
111,incident,2.023786575250755e-07,0.0,0.0,0.0,0.0,0.0
111,scattered,0.005801898534482878,0.00642415516424172,-0.003809436679964191,-0.0013039360697893775,0.0,0.0
111,total,0.005802100913140403,0.00642415516424172,-0.003809436679964191,-0.0013039360697893775,0.0,0.0
112,incident,0.09714694752769173,0.0,0.0,0.0,0.0,0.0
112,scattered,0.07303410529421384,0.008520346314879877,0.009403382058061162,0.0023648961732939044,0.0,0.0
112,total,0.17018105282190557,0.008520346314879877,0.009403382058061162,0.0023648961732939044,0.0,0.0
113,incident,3.9997918624089043e-47,0.0,0.0,0.0,0.0,0.0
113,scattered,-0.0005689492710343439,-0.0009532448672506573,-0.00038805265646980615,-1.2578253873226814e-07,0.0,0.0
113,total,-0.0005689492710343439,-0.0009532448672506573,-0.00038805265646980615,-1.2578253873226814e-07,0.0,0.0
114,incident,0.0001907807311335362,0.0,0.0,0.0,0.0,0.0
114,scattered,0.01225273332944199,0.005465000719428118,-0.005713042681401839,-0.000447474633062937,0.0,0.0
114,total,0.012443514060575525,0.005465000719428118,-0.005713042681401839,-0.000447474633062937,0.0,0.0
115,incident,0.1459279911729243,0.0,0.0,0.0,0.0,0.0
115,scattered,0.06200102226109737,0.008013786679311255,0.033422830364590136,0.0037462270895817266,0.0,0.0
115,total,0.20792901343402165,0.008013786679311255,0.033422830364590136,0.0037462270895817266,0.0,0.0
116,incident,9.972066118873591e-47,0.0,0.0,0.0,0.0,0.0
116,scattered,0.00016165665769912968,-0.001266369190727306,-0.001061839846230646,2.511623627387344e-05,0.0,0.0
116,total,0.00016165665769912968,-0.001266369190727306,-0.001061839846230646,2.511623627387344e-05,0.0,0.0
117,incident,2.8637424211785156e-31,0.0,0.0,0.0,0.0,0.0
117,scattered,-0.0015507709386690144,-0.0005365748522898786,-0.000886913064109969,0.001083227703430527,0.0,0.0
117,total,-0.0015507709386690144,-0.0005365748522898786,-0.000886913064109969,0.001083227703430527,0.0,0.0
118,incident,3.610753312336986e-50,0.0,0.0,0.0,0.0,0.0
118,scattered,-0.00043419954485476067,-0.0009126365052948555,-0.00037109132086179486,-0.00015077659742247185,0.0,0.0
118,total,-0.00043419954485476067,-0.0009126365052948555,-0.00037109132086179486,-0.00015077659742247185,0.0,0.0
119,incident,4.864536350674013e-29,0.0,0.0,0.0,0.0,0.0
119,scattered,-0.0008661814904939771,-0.00142832687784059,-0.0009260768240054567,0.001618056773182339,0.0,0.0
119,total,-0.0008661814904939771,-0.00142832687784059,-0.0009260768240054567,0.001618056773182339,0.0,0.0
120,incident,0.5102988758563236,0.0,0.0,0.0,0.0,0.0
120,scattered,0.0955598707788365,0.011222734069518433,0.10697602521335986,0.0044889163821294036,0.0,0.0
120,total,0.6058587466351602,0.011222734069518433,0.10697602521335986,0.0044889163821294036,0.0,0.0
121,incident,1.848814524396061e-21,0.0,0.0,0.0,0.0,0.0
121,scattered,-0.002236203053463677,0.0010977918393654472,0.00032854855077573796,0.0010695917647794173,0.0,0.0
121,total,-0.002236203053463677,0.0010977918393654472,0.00032854855077573796,0.0010695917647794173,0.0,0.0
122,incident,2.99869510635154e-08,0.0,0.0,0.0,0.0,0.0
122,scattered,0.004989349010559342,0.007186359489090347,-0.0032980909546849154,-0.0007111076793401645,0.0,0.0
122,total,0.004989378997510406,0.007186359489090347,-0.0032980909546849154,-0.0007111076793401645,0.0,0.0
123,incident,6.457442894726605e-20,0.0,0.0,0.0,0.0,0.0
123,scattered,-0.0020552807596987107,0.0008900213433554117,0.00032812123628465743,0.0023381994941153125,0.0,0.0
123,total,-0.0020552807596987107,0.0008900213433554117,0.00032812123628465743,0.0023381994941153125,0.0,0.0
124,incident,4.3638192144256295e-17,0.0,0.0,0.0,0.0,0.0
124,scattered,-0.0026257890883935446,0.0001992546154445405,0.0010799821933128004,0.002739641136700328,0.0,0.0
124,total,-0.0026257890883935008,0.0001992546154445405,0.0010799821933128004,0.002739641136700328,0.0,0.0
125,incident,1.1540840014096193e-14,0.0,0.0,0.0,0.0,0.0
125,scattered,-0.002544623433493272,0.0017894099894894067,0.0020655586528769646,0.002168678700895832,0.0,0.0
125,total,-0.002544623433481731,0.0017894099894894067,0.0020655586528769646,0.002168678700895832,0.0,0.0
126,incident,1.0878758646175445e-33,0.0,0.0,0.0,0.0,0.0
126,scattered,-0.0015136667663400412,-0.000699932470425644,-0.0008036131270042732,0.0006798139974447883,0.0,0.0
126,total,-0.0015136667663400412,-0.000699932470425644,-0.0008036131270042732,0.0006798139974447883,0.0,0.0
127,incident,4.6978457401244336e-32,0.0,0.0,0.0,0.0,0.0
127,scattered,-0.000669165160699494,-0.001480110618198255,-0.0010162791506388557,0.0011502952324583952,0.0,0.0
127,total,-0.000669165160699494,-0.001480110618198255,-0.0010162791506388557,0.0011502952324583952,0.0,0.0
128,incident,4.0190337294455604e-15,0.0,0.0,0.0,0.0,0.0
128,scattered,-0.002262668461761104,0.0016544417689186416,0.0018946165791692373,0.001889746115648974,0.0,0.0
128,total,-0.002262668461757085,0.0016544417689186416,0.0018946165791692373,0.001889746115648974,0.0,0.0
129,incident,1.0516436857060941e-30,0.0,0.0,0.0,0.0,0.0
129,scattered,-0.0014542129790124975,-9.617326735394953e-05,-0.0001522460017978174,0.000456937958021608,0.0,0.0
129,total,-0.0014542129790124975,-9.617326735394953e-05,-0.0001522460017978174,0.000456937958021608,0.0,0.0
130,incident,6.760798996327149e-16,0.0,0.0,0.0,0.0,0.0
130,scattered,-0.0018928959393766345,0.0018408517948808542,0.001281463380154757,0.0017768121663545942,0.0,0.0
130,total,-0.0018928959393759584,0.0018408517948808542,0.001281463380154757,0.0017768121663545942,0.0,0.0
131,incident,2.4301870636031878e-46,0.0,0.0,0.0,0.0,0.0
131,scattered,0.00021902404300887257,-0.0008377298826997899,-0.0013307848062081237,0.0001617819989661379,0.0,0.0
131,total,0.00021902404300887257,-0.0008377298826997899,-0.0013307848062081237,0.0001617819989661379,0.0,0.0
132,incident,5.917018078731652e-09,0.0,0.0,0.0,0.0,0.0
132,scattered,0.0026601457672056554,0.004623090290740281,-0.003965021048164877,-0.0019462981704878074,0.0,0.0
132,total,0.002660151684223734,0.004623090290740281,-0.003965021048164877,-0.0019462981704878074,0.0,0.0
133,incident,5.583460004024292e-05,0.0,0.0,0.0,0.0,0.0
133,scattered,0.008062115228670176,0.005131417611888601,-0.007248026695589381,-0.0004977673050871789,0.0,0.0
133,total,0.008117949828710419,0.005131417611888601,-0.007248026695589381,-0.0004977673050871789,0.0,0.0
134,incident,0.0022098725362919426,0.0,0.0,0.0,0.0,0.0
134,scattered,0.032730116483816095,0.009934854858986488,0.019374834401131434,0.003211248950495166,0.0,0.0
134,total,0.03493998902010804,0.009934854858986488,0.019374834401131434,0.003211248950495166,0.0,0.0
135,incident,5.886018084988748e-07,0.0,0.0,0.0,0.0,0.0
135,scattered,0.005060419132183477,0.006762909866336689,-0.001749539592434611,0.001018916239416959,0.0,0.0
135,total,0.005061007733991976,0.006762909866336689,-0.001749539592434611,0.001018916239416959,0.0,0.0
136,incident,1.5765055758975396e-07,0.0,0.0,0.0,0.0,0.0
136,scattered,0.005707703085468635,0.006389849359304806,0.001769902240535495,0.001888211615274914,0.0,0.0
136,total,0.005707860736026225,0.006389849359304806,0.001769902240535495,0.001888211615274914,0.0,0.0
137,incident,3.4544617080774604e-10,0.0,0.0,0.0,0.0,0.0
137,scattered,0.0013866550820477745,0.004046930162944646,-0.003557344226164079,-0.001634126257546713,0.0,0.0
137,total,0.0013866554274939453,0.004046930162944646,-0.003557344226164079,-0.001634126257546713,0.0,0.0
138,incident,4.357020043838906e-24,0.0,0.0,0.0,0.0,0.0
138,scattered,-0.0014202314761599373,-0.0015495885778691605,-0.00027210231625931846,0.00156071987713379,0.0,0.0
138,total,-0.0014202314761599373,-0.0015495885778691605,-0.00027210231625931846,0.00156071987713379,0.0,0.0
139,incident,2.2469610358329215e-11,0.0,0.0,0.0,0.0,0.0
139,scattered,0.0006208239542485332,0.0033275212728437788,-0.003137202461563996,-0.001993938303192238,0.0,0.0
139,total,0.0006208239767181436,0.0033275212728437788,-0.003137202461563996,-0.001993938303192238,0.0,0.0
140,incident,5.7703675065230104e-08,0.0,0.0,0.0,0.0,0.0
140,scattered,0.0024786709730088598,0.00528337242310726,0.00489583952897296,0.002168468944412933,0.0,0.0
140,total,0.002478728676683925,0.00528337242310726,0.00489583952897296,0.002168468944412933,0.0,0.0
141,incident,2.0201927125587724e-33,0.0,0.0,0.0,0.0,0.0
141,scattered,-0.0003686476140835142,-0.001954103642754916,-0.0008573895840326151,0.0011932400272381138,0.0,0.0
141,total,-0.0003686476140835142,-0.001954103642754916,-0.0008573895840326151,0.0011932400272381138,0.0,0.0
142,incident,8.238769803288716e-51,0.0,0.0,0.0,0.0,0.0
142,scattered,9.755134062040818e-05,-0.0010458356108607565,-0.0008038973806813636,-0.0004051426265577086,0.0,0.0
142,total,9.755134062040818e-05,-0.0010458356108607565,-0.0008038973806813636,-0.0004051426265577086,0.0,0.0
143,incident,6.969254080058735e-34,0.0,0.0,0.0,0.0,0.0
143,scattered,-0.00115126824587786,-0.00017683082545277823,-0.0006553857755366897,0.00030360911873335706,0.0,0.0
143,total,-0.00115126824587786,-0.00017683082545277823,-0.0006553857755366897,0.00030360911873335706,0.0,0.0
144,incident,6.786559586077373e-37,0.0,0.0,0.0,0.0,0.0
144,scattered,-0.0011022503138725945,-0.0007917497453724282,-0.0008972264154694865,0.0005336133189017215,0.0,0.0
144,total,-0.0011022503138725945,-0.0007917497453724282,-0.0008972264154694865,0.0005336133189017215,0.0,0.0
145,incident,4.3587415951083146e-11,0.0,0.0,0.0,0.0,0.0
145,scattered,0.0011331151542130222,0.0044952282421962305,-0.0027424778568056435,-0.0017549901705531444,0.0,0.0
145,total,0.0011331151978004382,0.0044952282421962305,-0.0027424778568056435,-0.0017549901705531444,0.0,0.0
146,incident,4.2434639762933826e-05,0.0,0.0,0.0,0.0,0.0
146,scattered,0.006624247742805607,0.0052768263688147445,-0.007320074584315983,-0.0007555001092089668,0.0,0.0
146,total,0.00666668238256854,0.0052768263688147445,-0.007320074584315983,-0.0007555001092089668,0.0,0.0
147,incident,0.8490515443932541,0.0,0.0,0.0,0.0,0.0
147,scattered,0.1690696241388401,0.012149673633105037,0.20355147559801676,0.007835064840630781,0.0,0.0
147,total,1.0181211685320943,0.012149673633105037,0.20355147559801676,0.007835064840630781,0.0,0.0
148,incident,7.873764580817398e-14,0.0,0.0,0.0,0.0,0.0
148,scattered,0.0003338709284487805,0.003049025551535211,-0.0018125933887701358,-0.0013888559894749896,0.0,0.0
148,total,0.0003338709285275181,0.003049025551535211,-0.0018125933887701358,-0.0013888559894749896,0.0,0.0
149,incident,4.683347665956697e-39,0.0,0.0,0.0,0.0,0.0
149,scattered,-0.000879363064919816,-0.0008794616497529257,-0.0007537960918608934,0.00041752124231470277,0.0,0.0
149,total,-0.000879363064919816,-0.0008794616497529257,-0.0007537960918608934,0.00041752124231470277,0.0,0.0
150,incident,7.135606537634839e-10,0.0,0.0,0.0,0.0,0.0
150,scattered,0.002833714286343085,0.005623142506211178,0.001547773180795971,0.0020336388148223246,0.0,0.0
150,total,0.0028337149999037386,0.005623142506211178,0.001547773180795971,0.0020336388148223246,0.0,0.0
151,incident,5.266895342088209e-11,0.0,0.0,0.0,0.0,0.0
151,scattered,0.0018861282391384635,0.0049581958573612665,0.001823822970750563,0.002228458870630827,0.0,0.0
151,total,0.001886128291807417,0.0049581958573612665,0.001823822970750563,0.002228458870630827,0.0,0.0
152,incident,4.40444664909587e-13,0.0,0.0,0.0,0.0,0.0
152,scattered,-1.9841974964288423e-05,0.0028088443490584055,-0.00248493024285494,-0.002038288069081579,0.0,0.0
152,total,-1.9841974523843758e-05,0.0028088443490584055,-0.00248493024285494,-0.002038288069081579,0.0,0.0
153,incident,0.2613142509143218,0.0,0.0,0.0,0.0,0.0
153,scattered,0.07132637500559388,0.007815273500743057,-0.0178639561441678,0.0027882741303926727,0.0,0.0
153,total,0.3326406259199157,0.007815273500743057,-0.0178639561441678,0.0027882741303926727,0.0,0.0
154,incident,3.742243804872507e-21,0.0,0.0,0.0,0.0,0.0
154,scattered,-0.0020729770681605203,0.001385664001050737,-0.00036296387978672996,0.002322572942349542,0.0,0.0
154,total,-0.0020729770681605203,0.001385664001050737,-0.00036296387978672996,0.002322572942349542,0.0,0.0
155,incident,0.0001265701205916337,0.0,0.0,0.0,0.0,0.0
155,scattered,-0.002175697767264296,0.005524535142425197,0.009761474949145995,0.0015325785450479754,0.0,0.0
155,total,-0.002049127646672662,0.005524535142425197,0.009761474949145995,0.0015325785450479754,0.0,0.0
156,incident,1.0342481249660363e-28,0.0,0.0,0.0,0.0,0.0
156,scattered,-0.001366825545836934,-0.0010071021515139437,-0.0006859452110543532,0.0016654271412138797,0.0,0.0
156,total,-0.001366825545836934,-0.0010071021515139437,-0.0006859452110543532,0.0016654271412138797,0.0,0.0
157,incident,3.0636475570519667e-46,0.0,0.0,0.0,0.0,0.0
157,scattered,-0.000498073634418482,-0.0008007261372014795,-0.00027097957399670446,8.945135459091367e-05,0.0,0.0
157,total,-0.000498073634418482,-0.0008007261372014795,-0.00027097957399670446,8.945135459091367e-05,0.0,0.0
158,incident,7.794613982858472e-15,0.0,0.0,0.0,0.0,0.0
158,scattered,-0.0006769344729701796,0.0018386190661847184,-0.002078588488708986,-0.0019512970872387,0.0,0.0
158,total,-0.000676934472962385,0.0018386190661847184,-0.002078588488708986,-0.0019512970872387,0.0,0.0
159,incident,4.4229954240711145e-06,0.0,0.0,0.0,0.0,0.0
159,scattered,0.005997111455029565,0.005668608463709812,-0.006124285635616533,-0.0014049850052689765,0.0,0.0
159,total,0.0060015344504536355,0.005668608463709812,-0.006124285635616533,-0.0014049850052689765,0.0,0.0
160,incident,1.1759304109850285e-54,0.0,0.0,0.0,0.0,0.0
160,scattered,0.000345535520983873,-0.0009465969148808408,-0.0006983788377066286,-0.00036685508808739894,0.0,0.0
160,total,0.000345535520983873,-0.0009465969148808408,-0.0006983788377066286,-0.00036685508808739894,0.0,0.0
161,incident,1.6783716957971e-36,0.0,0.0,0.0,0.0,0.0
161,scattered,-0.0004768802313902282,-0.0013543690946098874,-0.001107454057436051,0.0008777794116983597,0.0,0.0
161,total,-0.0004768802313902282,-0.0013543690946098874,-0.001107454057436051,0.0008777794116983597,0.0,0.0
162,incident,1.0382349913571652e-12,0.0,0.0,0.0,0.0,0.0
162,scattered,0.0006533836749222351,0.0044824272738457375,-0.0021245392222669925,-0.0019071440773638924,0.0,0.0
162,total,0.0006533836759604701,0.0044824272738457375,-0.0021245392222669925,-0.0019071440773638924,0.0,0.0
163,incident,1.3707173150197238e-43,0.0,0.0,0.0,0.0,0.0
163,scattered,-0.0004723493763685081,-0.0013017200152806523,-0.0009669913145323453,5.995903436130632e-05,0.0,0.0
163,total,-0.0004723493763685081,-0.0013017200152806523,-0.0009669913145323453,5.995903436130632e-05,0.0,0.0
164,incident,7.88744093493887e-47,0.0,0.0,0.0,0.0,0.0
164,scattered,-0.0004223951494791944,-0.000691797547183975,-0.0001989396324723997,6.517336816937211e-05,0.0,0.0
164,total,-0.0004223951494791944,-0.000691797547183975,-0.0001989396324723997,6.517336816937211e-05,0.0,0.0
165,incident,6.594495692183919e-12,0.0,0.0,0.0,0.0,0.0
165,scattered,0.0013295431214622097,0.004614620607612867,0.0007355745853884824,0.001159807958557843,0.0,0.0
165,total,0.0013295431280567055,0.004614620607612867,0.0007355745853884824,0.001159807958557843,0.0,0.0
166,incident,5.3765547355355756e-14,0.0,0.0,0.0,0.0,0.0
166,scattered,-0.0023419090206295095,0.0017267760144151593,0.0017596675354934574,0.00202481004409004,0.0,0.0
166,total,-0.002341909020575744,0.0017267760144151593,0.0017596675354934574,0.00202481004409004,0.0,0.0
167,incident,4.75064966564503e-24,0.0,0.0,0.0,0.0,0.0
167,scattered,-0.0017493801340883732,0.0008933662693096383,-0.0006233061400265806,0.001513154888701974,0.0,0.0
167,total,-0.0017493801340883732,0.0008933662693096383,-0.0006233061400265806,0.001513154888701974,0.0,0.0
168,incident,2.190754433501141e-52,0.0,0.0,0.0,0.0,0.0
168,scattered,-0.00020752697395626335,-0.0007075918559656902,-0.0002080098434903477,-7.58970660363844e-05,0.0,0.0
168,total,-0.00020752697395626335,-0.0007075918559656902,-0.0002080098434903477,-7.58970660363844e-05,0.0,0.0
169,incident,1.0,0.0,0.0,0.0,0.0,0.0
169,scattered,0.13386595324984413,0.010030153719969018,0.10497254754544609,0.005960310145877949,0.0,0.0
169,total,1.133865953249844,0.010030153719969018,0.10497254754544609,0.005960310145877949,0.0,0.0
170,incident,0.004209030031091545,0.0,0.0,0.0,0.0,0.0
170,scattered,0.022175898875064975,0.0064136306569336655,0.011439997170327829,0.0022238057601384124,0.0,0.0
170,total,0.02638492890615652,0.0064136306569336655,0.011439997170327829,0.0022238057601384124,0.0,0.0
171,incident,6.875797154414649e-33,0.0,0.0,0.0,0.0,0.0
171,scattered,-0.001092927779492223,-0.0001368745784347672,-0.00031709289088878114,0.0002851760027484179,0.0,0.0
171,total,-0.001092927779492223,-0.0001368745784347672,-0.00031709289088878114,0.0002851760027484179,0.0,0.0
172,incident,0.00948262324540803,0.0,0.0,0.0,0.0,0.0
172,scattered,0.031832556551477,0.006860802024936295,0.005932802832840034,0.0028142183050764245,0.0,0.0
172,total,0.04131517979688503,0.006860802024936295,0.005932802832840034,0.0028142183050764245,0.0,0.0
173,incident,1.9149833973396494e-35,0.0,0.0,0.0,0.0,0.0
173,scattered,-7.990432195902578e-05,-0.0011621389267555127,-0.0011853405906499946,0.0011454271386726114,0.0,0.0
173,total,-7.990432195902578e-05,-0.0011621389267555127,-0.0011853405906499946,0.0011454271386726114,0.0,0.0
174,incident,9.082592115894677e-58,0.0,0.0,0.0,0.0,0.0
174,scattered,0.0005569211144974259,-0.0008085431211524935,-0.0005699695274872983,-0.000268706049840767,0.0,0.0
174,total,0.0005569211144974259,-0.0008085431211524935,-0.0005699695274872983,-0.000268706049840767,0.0,0.0
175,incident,2.0402315281593044e-08,0.0,0.0,0.0,0.0,0.0
175,scattered,0.003091834243417467,0.005618940542336362,0.003959121812711593,0.0020106079983670893,0.0,0.0
175,total,0.0030918546457327487,0.005618940542336362,0.003959121812711593,0.0020106079983670893,0.0,0.0
176,incident,0.844795227667106,0.0,0.0,0.0,0.0,0.0
176,scattered,0.017172571699498502,0.006906534724854997,0.11500924407423663,0.006153363873071192,0.0,0.0
176,total,0.8619677993666045,0.006906534724854997,0.11500924407423663,0.006153363873071192,0.0,0.0
177,incident,2.2822403444594446e-07,0.0,0.0,0.0,0.0,0.0
177,scattered,0.003491486208802642,0.004945954456568974,-0.004152263051467561,-0.0008708150721087687,0.0,0.0
177,total,0.003491714432837088,0.004945954456568974,-0.004152263051467561,-0.0008708150721087687,0.0,0.0
178,incident,3.091929802197743e-61,0.0,0.0,0.0,0.0,0.0
178,scattered,0.000619149876662353,-0.0006835076910289264,-0.0004639230245290067,-0.00032775046433338145,0.0,0.0
178,total,0.000619149876662353,-0.0006835076910289264,-0.0004639230245290067,-0.00032775046433338145,0.0,0.0
179,incident,2.670583961355434e-14,0.0,0.0,0.0,0.0,0.0
179,scattered,-7.65057086181276e-05,0.00306091723208341,-0.002224492334148368,-0.0023703143079199926,0.0,0.0
179,total,-7.650570859142176e-05,0.00306091723208341,-0.002224492334148368,-0.0023703143079199926,0.0,0.0
180,incident,4.723407778863378e-17,0.0,0.0,0.0,0.0,0.0
180,scattered,-0.0015118883916892254,0.0018956631088945743,0.0006223214336716312,0.0018068424642210751,0.0,0.0
180,total,-0.0015118883916891781,0.0018956631088945743,0.0006223214336716312,0.0018068424642210751,0.0,0.0
181,incident,7.133441395074965e-22,0.0,0.0,0.0,0.0,0.0
181,scattered,-0.0014605598738832658,0.0008322532177080255,0.0003127175016224208,0.0011638406809015593,0.0,0.0
181,total,-0.0014605598738832658,0.0008322532177080255,0.0003127175016224208,0.0011638406809015593,0.0,0.0
182,incident,0.013098735758306793,0.0,0.0,0.0,0.0,0.0
182,scattered,0.030949166289605742,0.006656029626696096,-0.005618007847249057,0.0018913410117717998,0.0,0.0
182,total,0.044047902047912535,0.006656029626696096,-0.005618007847249057,0.0018913410117717998,0.0,0.0
183,incident,9.552030137053399e-26,0.0,0.0,0.0,0.0,0.0
183,scattered,-0.00166139649524784,-0.0008304476377678994,-0.0003663073426354901,0.002155777793276075,0.0,0.0
183,total,-0.00166139649524784,-0.0008304476377678994,-0.0003663073426354901,0.002155777793276075,0.0,0.0
184,incident,1.1757604436926065e-35,0.0,0.0,0.0,0.0,0.0
184,scattered,-9.848159908428566e-05,-0.0017105412253065734,-0.001062995970279172,0.0011917058199250132,0.0,0.0
184,total,-9.848159908428566e-05,-0.0017105412253065734,-0.001062995970279172,0.0011917058199250132,0.0,0.0
185,incident,1.1783156339451845e-12,0.0,0.0,0.0,0.0,0.0
185,scattered,-0.00340856345809358,0.0011759376328273703,0.0008326995826744426,0.0018239230179043645,0.0,0.0
185,total,-0.003408563456915264,0.0011759376328273703,0.0008326995826744426,0.0018239230179043645,0.0,0.0
186,incident,1.153804925322911e-06,0.0,0.0,0.0,0.0,0.0
186,scattered,-0.00318562768802492,0.0036088716554930193,0.005460718437463867,0.0018342804379808677,0.0,0.0
186,total,-0.003184473883099597,0.0036088716554930193,0.005460718437463867,0.0018342804379808677,0.0,0.0
187,incident,1.3241967459566381e-64,0.0,0.0,0.0,0.0,0.0
187,scattered,0.0005170123278717173,-0.0005658807360879726,-0.0003663987161738256,-0.0005352600759302267,0.0,0.0
187,total,0.0005170123278717173,-0.0005658807360879726,-0.0003663987161738256,-0.0005352600759302267,0.0,0.0
188,incident,0.19796342160429636,0.0,0.0,0.0,0.0,0.0
188,scattered,-0.0048338114447646005,0.005119146094903984,-0.03126902622316146,0.0016143958538226307,0.0,0.0
188,total,0.19312961015953176,0.005119146094903984,-0.03126902622316146,0.0016143958538226307,0.0,0.0
189,incident,2.98636438514099e-50,0.0,0.0,0.0,0.0,0.0
189,scattered,-0.0003447734098017249,-0.0007100133461212643,-0.00013155843120139213,-8.718706104550017e-05,0.0,0.0
189,total,-0.0003447734098017249,-0.0007100133461212643,-0.00013155843120139213,-8.718706104550017e-05,0.0,0.0
190,incident,5.592580762332569e-16,0.0,0.0,0.0,0.0,0.0
190,scattered,-0.00045358133021103863,0.0025260919345141664,-0.0016291665915542412,-0.0020153039792987965,0.0,0.0
190,total,-0.0004535813302104794,0.0025260919345141664,-0.0016291665915542412,-0.0020153039792987965,0.0,0.0
191,incident,1.1669321026624762e-14,0.0,0.0,0.0,0.0,0.0
191,scattered,-0.0003181027785050602,0.002828912841566466,-0.0018267694152068663,-0.0011487650803279539,0.0,0.0
191,total,-0.00031810277849339086,0.002828912841566466,-0.0018267694152068663,-0.0011487650803279539,0.0,0.0
192,incident,2.114725918653705e-25,0.0,0.0,0.0,0.0,0.0
192,scattered,-0.001293243831615929,-0.0017307803231104738,-0.00019095792292207048,0.0015937647127171487,0.0,0.0
192,total,-0.001293243831615929,-0.0017307803231104738,-0.00019095792292207048,0.0015937647127171487,0.0,0.0
193,incident,1.9730015942460335e-47,0.0,0.0,0.0,0.0,0.0
193,scattered,-0.00010704069182098485,-0.0008713492491677489,-0.0011610341813084299,-6.688401026496902e-05,0.0,0.0
193,total,-0.00010704069182098485,-0.0008713492491677489,-0.0011610341813084299,-6.688401026496902e-05,0.0,0.0
194,incident,2.9125818586894445e-42,0.0,0.0,0.0,0.0,0.0
194,scattered,-0.000695508866419964,-0.0008173760463362251,-0.0007298726497934424,0.0001585055969499837,0.0,0.0
194,total,-0.000695508866419964,-0.0008173760463362251,-0.0007298726497934424,0.0001585055969499837,0.0,0.0
195,incident,2.2299709001509906e-23,0.0,0.0,0.0,0.0,0.0
195,scattered,-0.0013784428468797362,0.000714677759408648,1.3600218322410259e-06,0.0007695010172164594,0.0,0.0
195,total,-0.0013784428468797362,0.000714677759408648,1.3600218322410259e-06,0.0007695010172164594,0.0,0.0
196,incident,9.216590368477328e-69,0.0,0.0,0.0,0.0,0.0
196,scattered,0.00040496453387681744,-0.0003116143917820625,-0.0002639775407874328,-0.0006876384990441079,0.0,0.0
196,total,0.00040496453387681744,-0.0003116143917820625,-0.0002639775407874328,-0.0006876384990441079,0.0,0.0
197,incident,2.2607700463580032e-45,0.0,0.0,0.0,0.0,0.0
197,scattered,-0.00011101006504115083,-0.0008714217840799802,-0.0009904955061646051,0.0002577543406302096,0.0,0.0
197,total,-0.00011101006504115083,-0.0008714217840799802,-0.0009904955061646051,0.0002577543406302096,0.0,0.0
198,incident,7.477081375807964e-53,0.0,0.0,0.0,0.0,0.0
198,scattered,-0.0002026304832818252,-0.0006338346587136,-0.000484577232031224,-0.0003436269509068756,0.0,0.0
198,total,-0.0002026304832818252,-0.0006338346587136,-0.000484577232031224,-0.0003436269509068756,0.0,0.0
199,incident,0.0035882873750648875,0.0,0.0,0.0,0.0,0.0
199,scattered,0.002761233029270741,0.009269500325880963,0.026459587530296102,0.002651903111971506,0.0,0.0
199,total,0.006349520404335628,0.009269500325880963,0.026459587530296102,0.002651903111971506,0.0,0.0
