upstream,downstream,upstream_graph_distance,downstream_graph_distance,upstream_degree,downstream_degree,upstream_mean_gap_nm,downstream_mean_gap_nm,edge_gap_nm,edge_in_loop,downstream_euclidean_nm,enhancement_ratio,enhancement
1,0,14,15,3,2,2.864912739301843,2.921570392964842,2.418659204525966,True,292.5981943331369,1.11680070701106,True
1,2,14,15,3,3,2.864912739301843,2.954560624932648,2.453198893153857,True,303.0514769875785,0.8329675298957924,False
3,1,13,14,2,3,3.4393378880243546,2.864912739301843,3.7228801202257067,False,280.6323458387221,0.7750129898777258,False
2,4,15,16,3,2,2.954560624932648,2.7385094397668848,2.9860014002403688,False,319.4043376909223,1.2523100063443875,True
11,3,12,13,3,2,2.3240654896159634,3.4393378880243546,3.1557956558230025,False,261.078074138606,0.6436727455455062,False
4,5,16,17,2,4,2.7385094397668848,2.83525026131068,2.491017479293401,False,319.96641574720434,1.0879662863609143,True
5,6,17,18,4,4,2.83525026131068,3.313108425639949,3.1001357411092307,True,328.2620376176894,0.8123046576201532,False
5,10,17,18,4,4,2.83525026131068,2.7557550559059756,3.1963251033621454,True,306.00425146338813,0.8878653070923913,False
5,39,17,18,4,3,2.83525026131068,2.8564612339030284,2.5535227214779432,True,342.3888269730828,0.4751876552672954,False
6,7,18,19,4,2,3.313108425639949,2.500005501321759,3.415378888241367,True,344.5906085967469,0.853355170251612,False
7,8,19,20,2,3,2.500005501321759,2.6208628577012725,1.584632114402151,True,362.71642479206065,0.9970705105820871,False
8,9,20,21,3,4,2.6208628577012725,3.6095601423195154,3.543836123631557,True,359.44764811173,0.7838599818166394,False
8,15,20,21,3,5,2.6208628577012725,3.3733547918448537,2.7341203350701093,True,380.6068319154245,0.8371571661300099,False
9,18,21,22,4,3,3.6095601423195154,4.022781550781523,4.341560549656062,True,369.74580624746324,0.8978118535153301,False
10,21,18,19,4,2,2.7557550559059756,2.865780703708836,2.785116746716497,True,310.25242667766423,1.0437006076647968,True
10,185,18,19,4,1,2.7557550559059756,2.662957410937352,2.662957410937352,False,288.2489874333051,0.7020972180155612,False
11,12,12,13,3,2,2.3240654896159634,3.0542696439188397,2.0278770443448515,True,237.11128052556575,1.0476089428578237,True
14,11,11,12,3,3,2.777986075360772,2.3240654896159634,1.7885237686800366,True,241.2686711775793,1.0232770552373418,True
13,12,12,13,2,2,3.122915889322165,3.0542696439188397,4.080662243492828,True,237.11128052556575,0.6629100915069872,False
16,13,11,12,3,2,3.152278021092844,3.122915889322165,2.1651695351515023,True,221.89484757083707,0.721210059036833,False
17,14,10,11,3,3,3.0356374207211942,2.777986075360772,2.937381648035064,True,219.49893961235824,0.844796567599359,False
15,22,21,22,5,4,3.3733547918448537,3.317008882555937,3.4402159857315233,True,391.2779535989358,0.8491475413306253,False
15,56,21,22,5,3,3.3733547918448537,2.5605028016004368,1.8859859352315809,True,402.4352952356774,0.724735792058034,False
16,19,11,12,3,2,3.152278021092844,2.698379151072743,3.2246661650841197,True,204.92162716739762,0.7230044763292497,False
65,16,10,11,2,3,3.7468147106197964,3.152278021092844,4.066998363042909,True,210.08664635645712,0.6112890499445179,False
31,17,9,10,2,3,2.7705984235931247,3.0356374207211942,1.823449260077684,True,197.87307328811295,0.6414130471578273,False
17,186,10,11,3,2,3.0356374207211942,3.9770670817090252,4.346081354050835,True,203.3694851131927,1.0099820932963257,True
18,20,22,23,3,2,4.022781550781523,2.9090751120575717,2.7557464227716437,True,380.2783058291705,0.9744035052222808,False
23,19,11,12,4,2,3.682794951615616,2.698379151072743,2.172092137061366,True,204.92162716739762,0.4794436184131051,False
20,29,23,24,2,2,2.9090751120575717,3.225079966242504,3.0624038013434998,True,388.0849764925529,0.9043366349878779,False
21,33,19,20,2,3,2.865780703708836,2.8271359845770796,2.946444660701175,True,314.5022108305373,0.8612889820702739,False
22,27,22,23,4,3,3.317008882555937,3.4527183476933865,2.083208790941619,True,409.80911716055084,0.8559942468094016,False
23,24,11,12,4,3,3.682794951615616,3.5887132908050106,4.363310405480167,True,208.8412199916816,0.716453330464759,False
30,23,10,11,4,4,3.249676400686427,3.682794951615616,4.338554619088924,True,200.73432764393897,0.4305607353407456,False
23,140,11,12,4,2,3.682794951615616,3.1986588579972466,3.8572226448320066,True,224.54517038401784,0.3936131571800773,False
24,25,12,13,3,2,3.5887132908050106,3.6674540699390903,3.670366039798033,True,216.09387951093973,0.8536144434238442,False
24,175,12,13,3,2,3.5887132908050106,2.636279249149659,2.7324634271368318,True,231.44230983385464,0.5329227303885297,False
25,26,13,14,2,5,3.6674540699390903,3.2820935061286995,3.6645421000801477,True,229.28167327541334,0.7641420107884129,False
26,32,14,15,5,4,3.2820935061286995,3.240172070537339,4.1802935742350265,True,240.79432351275375,0.6309967107881835,False
26,51,14,15,5,3,3.2820935061286995,3.068642397632375,2.6367692504671716,True,244.0851389984572,0.7565398444655084,False
26,136,14,15,5,2,3.2820935061286995,2.8460696025868533,2.5499404168520954,True,217.66999532568767,1.0755923617941134,True
26,150,14,15,5,3,3.2820935061286995,2.844480962019398,3.3789221890090566,True,252.40598222582727,0.6200634938282272,False
27,28,23,24,3,3,3.4527183476933865,2.184393368630998,2.703120866141262,True,413.8063574665167,0.9361085663898084,False
27,36,23,24,3,4,3.4527183476933865,2.943926065130265,5.571825385997279,True,432.270873630393,0.7874697834856752,False
28,183,24,25,3,2,2.184393368630998,4.096381911675712,2.522833271213411,True,417.4585459492937,0.7657159483032645,False
29,34,24,25,2,3,3.225079966242504,3.111920622482014,3.387756131141508,True,398.1089417615619,0.9499598581364825,False
30,41,10,11,4,4,3.249676400686427,2.45090720847993,4.301697678171163,True,183.95502816237456,0.7524873202610083,False
90,30,9,10,4,4,3.302684778286343,3.249676400686427,1.8408983096198064,True,177.7056591011288,0.6511851295224919,False
47,31,8,9,2,2,3.344363686091995,2.7705984235931247,3.7177475871085655,True,176.0955969859518,0.4707033260953341,False
32,43,15,16,4,3,3.240172070537339,3.588893513772471,3.5524333156405596,True,248.80282372818928,0.6763010657581049,False
33,37,20,21,3,3,2.8271359845770796,3.6313568951082167,2.142496909328244,True,328.2436749546191,0.9650271626660681,False
33,124,20,21,3,3,2.8271359845770796,3.4758766298409824,3.3924663837018194,True,337.57008427079694,0.7161209153335039,False
34,35,25,26,3,4,3.111920622482014,4.1429001581396365,4.648380652469513,True,418.4168791370897,0.6733377712968194,False
34,42,25,26,3,4,3.111920622482014,2.362966774727613,1.2996250838350214,True,396.72410506214385,1.0470053944597473,True
35,40,26,27,4,5,4.1429001581396365,3.309739556065613,4.699856214733586,True,426.0190262604104,1.0232630343739377,True
35,61,26,27,4,3,4.1429001581396365,3.7795566672188663,4.1549025865752185,True,440.9260027595557,0.8021210516435282,False
36,38,24,25,4,4,2.943926065130265,3.5821658617784857,2.3739966980602603,True,440.5376488495986,0.9206991666555081,False
36,70,24,25,4,3,2.943926065130265,4.301591130088133,2.502656207925199,True,454.7728810228557,0.7372981641516106,False
37,53,21,22,3,4,3.6313568951082167,3.4685564491512375,4.898960554777304,True,327.6454250622297,0.9268146753938447,False
38,44,25,26,4,3,3.5821658617784857,3.651428654194531,3.2241909402799322,False,463.564575951086,0.7579153713105463,False
38,156,25,26,4,2,3.5821658617784857,4.30849808347055,2.947065614803087,True,441.5054828294992,0.7358485530799399,False
39,73,18,19,3,3,2.8564612339030284,3.0280901933599473,1.657562869629853,True,358.83687720565274,0.9969788762060893,False
40,46,27,28,5,3,3.309739556065613,3.2336213493474895,2.448363609820124,True,444.16794980707084,0.7672798161393322,False
40,68,27,28,5,3,3.309739556065613,2.9108398835025646,3.241706542171901,True,418.6396530368201,0.9235176449509656,False
41,64,11,12,4,2,2.45090720847993,1.7083316576649015,2.345415363743072,True,192.84523836349234,0.8223400447644236,False
78,41,10,11,4,4,3.0256935374787055,2.45090720847993,1.8124810510470617,True,183.95502816237456,0.5008377621670865,False
42,54,26,27,4,3,2.362966774727613,2.8993373454932176,2.018947270478982,True,402.2255393394974,0.7575435345893305,False
43,52,16,17,3,2,3.588893513772471,2.6544442265597823,3.8874347554086057,True,267.7271516619454,1.1865682097711605,True
43,60,16,17,3,2,3.588893513772471,4.144850305113513,3.326812470268248,True,235.25912649644008,1.044938770567186,True
44,45,26,27,3,3,3.651428654194531,3.0822217386501776,4.262872422200189,True,486.6301009950691,0.8315400122422041,False
44,49,26,27,3,3,3.651428654194531,3.275097822271094,3.4672226001034723,True,470.8275449211977,0.9055440468919832,False
45,79,27,28,3,2,3.0822217386501776,3.440200186046468,3.0031896845764514,False,504.3436909522941,0.7307534281102059,False
46,48,28,29,3,3,3.2336213493474895,4.598443055453227,5.369610398436091,True,461.44317370349916,0.7292122643409282,False
55,47,7,8,3,2,2.7306108785103285,3.344363686091995,2.970979785075425,True,153.12348228512136,0.43127726073985706,False
48,63,29,30,3,2,4.598443055453227,2.2773366397771078,2.80325729161072,True,482.0286606860309,0.9328153549053037,False
49,50,27,28,3,2,3.275097822271094,3.786353204674052,4.377467757535918,False,486.23659538599867,0.7613226718941947,False
50,57,28,29,2,2,3.786353204674052,3.0031248415683134,3.1952386518121862,False,507.4754054718883,0.900260153171095,False
51,151,15,16,3,2,3.068642397632375,3.733922726018829,3.5003998493329753,False,267.5680469211777,0.6466106071911405,False
52,91,17,18,2,2,2.6544442265597823,2.112600692064021,1.4214536977109589,True,283.2764467960632,0.6353338746950857,False
53,71,22,23,4,4,3.4685564491512375,2.9278792929724045,1.217259714972986,True,334.7511801419256,0.9076771793778694,False
53,125,22,23,4,4,3.4685564491512375,2.9455973384141165,3.5199486602885095,True,311.57820068726795,0.9566511131515019,False
53,166,22,23,4,2,3.4685564491512375,3.6610326629969556,4.238056866566151,True,304.01691422967247,0.8035494756657955,False
54,68,27,28,3,3,2.8993373454932176,2.9108398835025646,1.8702977279876727,True,418.6396530368201,0.8022485575713408,False
58,55,6,7,4,3,3.5987456843738412,2.7306108785103285,2.952129439124871,True,131.99616141742086,0.36900098964181405,False
56,102,22,23,3,3,2.5605028016004368,3.1568351632672567,3.0219493959359838,True,424.72348278951705,0.6284114081961585,False
57,77,29,30,2,2,3.0031248415683134,2.4607815509608706,2.8110110313244405,False,525.2352089480008,0.8704791600260251,False
62,58,5,6,3,4,2.412898604840098,3.5987456843738412,2.4955788614805137,True,110.51690682616,0.1400668291170668,False
58,199,6,7,4,4,3.5987456843738412,2.4501306755267898,3.469867272522233,True,130.5028457158666,0.7176984750035845,False
62,59,5,6,3,3,2.412898604840098,2.9868912834895327,1.3030625699531662,True,114.11607891082917,0.4788098323586352,False
59,199,6,7,3,4,2.9868912834895327,2.4501306755267898,2.180204116147685,True,130.5028457158666,0.20994921754366008,False
61,117,27,28,3,3,3.7795566672188663,3.6997337375339243,5.833763039491924,True,461.23987895439535,0.7748587242077065,False
83,62,4,5,3,3,2.7600140788263943,2.412898604840098,3.440054383086615,False,94.20587581911472,0.10640611016203687,False
63,67,30,31,2,3,2.2773366397771078,3.929300523894623,1.7514159879434956,True,500.86858121222616,0.7578589795547325,False
66,64,11,12,4,2,1.940708965991215,1.7083316576649015,1.0712479515867308,True,192.84523836349234,0.9117802681422515,False
72,65,9,10,3,2,2.9190667871911784,3.7468147106197964,3.4266310581966835,True,186.277394445397,0.43909613424583344,False
78,66,10,11,4,4,3.0256935374787055,1.940708965991215,3.4828179415839813,True,171.85242994657932,0.4517085553949929,False
66,84,11,12,4,3,1.940708965991215,2.5928221593123943,1.8647352298357234,True,168.23295645063993,0.8378610257805363,False
67,69,31,32,3,2,3.929300523894623,4.640070977383836,4.87157689794774,False,517.9712545453187,0.5688246274491732,False
68,75,28,29,3,2,2.9108398835025646,2.9723683163595354,3.6205153803481203,False,429.8461928628119,0.7166124229781932,False
69,82,32,33,2,2,4.640070977383836,3.0100190903226416,4.408565056819931,False,525.063604604105,1.100780688748942,True
70,100,25,26,3,3,4.301591130088133,3.1977104788135513,4.618706988368537,True,479.35201184571537,0.8272296122450283,False
71,80,23,24,4,2,2.9278792929724045,2.6989783490954,2.8159751372841484,True,357.46853006830423,0.6095936740784026,False
71,87,23,24,4,3,2.9278792929724045,2.594835030471208,4.40718035822897,True,345.02360397917516,0.8333666009504077,False
94,72,8,9,4,3,2.291050345026786,2.9190667871911784,2.2454926084629,True,164.41339709522677,0.5409652606759647,False
72,155,9,10,3,1,2.9190667871911784,3.085076694913951,3.085076694913951,False,164.76804946178729,0.33615970774487575,False
73,81,19,20,3,3,3.0280901933599473,3.3528181285431877,3.123780741319809,True,376.36970760027185,1.1416265158096222,True
73,85,19,20,3,3,3.0280901933599473,3.237943165066028,4.30292696913018,True,381.9730160022623,0.6943608103717288,False
74,92,17,18,3,2,2.9477406303914577,2.9250505872045007,2.7714855531438687,True,259.30746919378845,0.8253728136812234,False
122,74,16,17,4,3,1.6674227047613082,2.9477406303914577,1.1088481980717262,True,242.3579924380916,0.5356883960383468,False
75,76,29,30,2,2,2.9723683163595354,2.4611269918842797,2.3242212523709505,False,441.7670943130609,0.6561625098443712,False
76,99,30,31,2,2,2.4611269918842797,3.2975801229971378,2.598032731397609,False,450.63381112068265,0.6876007724627017,False
77,163,30,31,2,3,2.4607815509608706,3.354536481601368,2.1105520705973007,False,546.4017478423503,0.837795679631431,False
90,78,9,10,4,4,3.302684778286343,3.0256935374787055,4.289920161417964,True,162.79988826206363,0.9783778103870765,False
79,105,28,29,2,2,3.440200186046468,3.119650918171743,3.8772106875164845,False,528.1460438888331,0.8004309348164188,False
80,123,24,25,2,2,2.6989783490954,1.8355779320909615,2.5819815609066517,True,365.6009670159117,0.9820212990496774,False
81,110,20,21,3,2,3.3528181285431877,4.265357374362313,3.094556656921988,True,393.0764534506397,0.8288484010541194,False
82,97,33,34,2,2,3.0100190903226416,3.041316360338408,1.611473123825352,False,546.674882315243,0.8886502337902671,False
86,83,3,4,3,3,2.661562663102764,2.7600140788263943,1.9534173207280006,False,79.85522959243285,0.22210535888716773,False
83,112,4,5,3,2,2.7600140788263943,3.227387580213808,2.8865705326645674,False,83.98142553356341,0.37386366332933574,False
84,88,12,13,3,2,2.5928221593123943,1.8819308426715136,2.135975480213414,False,154.5505109288721,1.8122807623156538,True
84,93,12,13,3,2,2.5928221593123943,3.2008638490948567,3.7777557678880456,True,186.74554441629923,0.8944310810468239,False
85,138,20,21,3,2,3.237943165066028,2.5348608373379733,1.5707855386801377,False,403.3801160198375,0.7713222064120169,False
89,86,2,3,3,3,3.495871115885116,2.661562663102764,3.1946205981128557,True,58.203741661286166,0.4837263346276674,False
120,86,2,3,2,3,2.857236318105249,2.661562663102764,2.836650070467435,True,58.203741661286166,0.9263987228174383,False
87,95,24,25,3,3,2.594835030471208,3.1598012690098103,2.2881504299093827,True,354.619205415646,0.8643272068229786,False
87,123,24,25,3,2,2.594835030471208,1.8355779320909615,1.0891743032752714,True,365.6009670159117,0.7183320894168667,False
88,114,13,14,2,2,1.8819308426715136,2.3768278474512243,1.627886205129613,False,160.95734536390725,0.5703287736496584,False
147,89,1,2,3,3,2.952233112354513,3.495871115885116,3.730348001051901,True,38.48453915106726,0.6725694565066429,False
94,90,8,9,4,4,2.291050345026786,3.302684778286343,2.7369723913051693,True,157.45096906525413,0.7809804346604791,False
91,104,18,19,2,2,2.112600692064021,3.6764066820096186,2.8037476864170827,True,287.0791082522324,0.7166268801374946,False
92,145,18,19,2,3,2.9250505872045007,3.1253780617994864,3.0786156212651328,True,268.63574634145766,0.8255545398836441,False
93,106,13,14,2,2,3.2008638490948567,2.6750561863626388,2.6239719303016678,True,201.6397483642816,0.7144148129613724,False
94,101,8,9,4,4,2.291050345026786,3.5801869955508643,2.300008478232524,True,133.27239156057306,1.5649513178908565,True
199,94,7,8,4,4,2.4501306755267898,2.291050345026786,1.881727902106551,True,143.99181445822717,0.873332628748822,False
95,103,25,26,3,3,3.1598012690098103,3.976658039356078,4.4708702744113005,True,363.7220373288397,0.7650080599905872,False
95,154,25,26,3,3,3.1598012690098103,3.5455210519382625,2.720383102708748,True,377.1997743370125,0.9215035567638089,False
176,96,1,2,2,2,3.043395392547268,3.5309189072299834,3.4991930659693757,True,26.058010594613133,1.379641029298868,True
97,98,34,35,2,3,3.041316360338408,3.7195585810604044,4.471159596851464,False,545.9658978915536,0.788352869759019,False
98,113,35,36,3,3,3.7195585810604044,4.123229769213055,4.622701992916266,True,568.4862817713276,1.0405167671482605,True
98,157,35,36,3,3,3.7195585810604044,3.0241788397272082,2.064814153413483,True,563.0434324988574,0.7303152325287586,False
99,129,31,32,2,3,3.2975801229971378,3.7505205451402914,3.9971275145966665,False,456.95434702484516,1.0300317335362512,True
100,161,26,27,3,1,3.1977104788135513,1.1460749872691167,1.1460749872691167,False,499.1844335919664,0.735868010427161,False
100,184,26,27,3,2,3.1977104788135513,3.4685240071048664,3.8283494608030004,True,493.2508524772018,0.9946099133144746,False
101,108,9,10,4,2,3.5801869955508643,2.780563386771142,4.513959045001847,True,115.43082380566753,4.112986134439171,True
101,134,9,10,4,3,3.5801869955508643,2.1304625052073063,3.163832208166653,True,136.00489636050025,1.4970992910657852,True
102,107,23,24,3,2,3.1568351632672567,4.30900628535497,3.6919012249683156,True,444.9166316784388,0.9476944532860586,False
102,119,23,24,3,3,3.1568351632672567,3.6508308515186756,2.7566548688974706,True,444.0819899225309,0.8708564898004802,False
103,121,26,27,3,3,3.976658039356078,2.7522452471489416,2.607757356367113,False,380.0167371423807,0.764968978633481,False
104,148,19,20,2,2,3.6764066820096186,4.143262959983321,4.5490656776021545,True,302.11302752383517,0.8516048644678984,False
105,109,29,30,2,3,3.119650918171743,2.590346048832828,2.3620911488270018,False,544.870573939423,0.9944313691200936,False
106,111,14,15,2,3,2.6750561863626388,2.9524277354338566,2.7261404424236098,True,215.92754384309836,0.6777041942314164,False
109,116,30,31,3,3,2.590346048832828,3.26923268027287,3.2443526027223513,True,566.0505079171384,0.9036093873705195,False
109,131,30,31,3,2,2.590346048832828,2.0045709946318997,2.1645943949491304,True,563.6653366833465,0.8344668353098247,False
111,122,15,16,3,4,2.9524277354338566,1.6674227047613082,2.2675478428532188,True,228.9117147094841,0.9646122597559575,False
111,135,15,16,3,2,2.9524277354338566,2.594112695711649,3.863594921024742,True,208.31511151148197,0.8277890559019225,False
112,115,5,6,2,2,3.227387580213808,3.2208048192003105,3.5682046277630484,False,76.30230678041461,1.5253194523817861,True
113,118,36,37,3,3,4.123229769213055,3.1614575759282615,2.7808085488256005,False,586.8408200966269,0.8545971161578002,False
114,133,14,15,2,2,2.3768278474512243,2.980281368136401,3.1257694897728356,False,172.11675788608864,0.6665899438119358,False
115,153,6,7,2,2,3.2208048192003105,3.5527736173913524,2.8734050106375726,False,63.71534742520706,2.4991722199444713,True
116,142,31,32,3,2,3.26923268027287,3.7538541449868568,4.718797843781591,False,590.6369788919037,0.6938755404915948,False
117,126,28,29,3,3,3.6997337375339243,3.982917044905181,3.3825481333235956,True,479.1667456024538,0.8358479998747608,False
118,168,37,38,3,1,3.1614575759282615,3.240911253654179,3.240911253654179,False,599.8535580077281,0.5015599305532884,False
118,198,37,38,3,1,3.1614575759282615,3.4626529253050045,3.4626529253050045,False,602.5579900680161,0.6732511689109831,False
119,127,24,25,3,3,3.6508308515186756,3.681258358137452,3.2697263399169323,True,467.129797004148,0.7970668661107265,False
147,120,1,2,3,2,2.952233112354513,2.857236318105249,2.877822565743063,True,45.11202776213725,0.3511873990812854,False
121,167,27,28,3,1,2.7522452471489416,3.55795006707935,3.55795006707935,False,403.0556742878467,0.8764851596988062,False
121,181,27,28,3,2,2.7522452471489416,2.899998354102566,2.0910283180003617,False,383.7884010075602,0.5736601732957073,False
122,132,16,17,4,2,1.6674227047613082,2.8726488755558144,1.9686643077217312,True,239.39493621221786,0.5454780903350215,False
125,128,23,24,4,2,2.9455973384141165,2.5186843293684937,1.907330272536683,False,316.6573827232202,0.8053693614847874,False
126,144,29,30,3,2,3.982917044905181,3.6078429512323353,2.9437415250790764,True,501.9204424565888,0.7538072631750167,False
127,141,25,26,3,2,3.681258358137452,3.1292644417326443,3.149830330058556,True,477.20896718109185,1.2240156612313806,True
127,173,25,26,3,1,3.681258358137452,4.624218404436867,4.624218404436867,False,491.7528110123307,0.8156927689357242,False
128,130,24,25,2,2,2.5186843293684937,3.5846003392508408,3.1300383862003045,False,325.05986639477175,0.7838158405429293,False
129,143,32,33,3,2,3.7505205451402914,3.079919912349263,3.934585312817653,True,480.57030131731995,0.7972970902281408,False
129,171,32,33,3,2,3.7505205451402914,2.772551659943714,3.3198488080065545,True,473.31103299920494,0.5921584007173719,False
130,180,25,26,2,1,3.5846003392508408,4.039162292301377,4.039162292301377,False,337.2151146755625,0.8097280262166392,False
132,137,17,18,2,3,2.8726488755558144,3.5243657198699694,3.7766334433898976,True,256.7162002372608,0.7011329731493471,False
133,146,15,16,2,2,2.980281368136401,2.388110408928254,2.8347932464999666,False,174.51167668677132,0.8719408577698429,False
134,170,10,11,3,2,2.1304625052073063,2.803466805721019,2.1803875789148286,False,128.64032120257502,0.5120324431281005,False
137,139,18,19,3,2,3.5243657198699694,3.655060675047878,3.4106610123227945,False,272.34085911866055,0.7516804729418554,False
137,145,18,19,3,3,3.5243657198699694,3.1253780617994864,3.385802703897216,True,268.63574634145766,0.9544000768148817,False
138,192,21,22,2,1,2.5348608373379733,3.498936135995809,3.498936135995809,False,414.569052008069,1.0456776729374677,True
139,152,19,20,2,2,3.655060675047878,3.769699662705966,3.899460337772961,False,293.3670900393277,0.7208319954354953,False
140,175,12,13,2,2,3.1986588579972466,2.636279249149659,2.5400950711624866,True,231.44230983385464,0.9700241419840434,False
141,184,26,27,2,2,3.1292644417326443,3.4685240071048664,3.1086985534067324,True,493.2508524772018,0.8973416273027618,False
142,160,32,33,2,2,3.7538541449868568,3.47584775272637,2.788910446192123,False,612.8923595775715,0.8558150930756658,False
144,149,30,31,2,3,3.6078429512323353,4.299310661203115,4.271944377385594,True,516.6980128802755,0.7808974346203091,False
145,162,19,20,3,3,3.1253780617994864,3.702878331569083,2.911715860236111,True,288.9123299183576,0.8933612492156274,False
146,159,16,17,2,2,2.388110408928254,2.2870498815712637,1.9414275713565416,False,193.11731542201156,0.8512269928185331,False
169,147,0,1,2,3,2.4180632446968673,2.952233112354513,2.2485287702685746,True,22.248528770268575,0.8314364561591028,False
148,191,20,21,2,3,4.143262959983321,4.564174193985559,3.737460242364488,True,311.5244528483816,0.8726780815337475,False
149,194,31,32,3,1,4.299310661203115,3.4610789204311168,3.4610789204311168,False,537.8750694104788,0.746822449912315,False
151,165,16,17,2,1,3.733922726018829,3.9674456027046823,3.9674456027046823,False,279.06625924265444,0.6847709322559692,False
152,158,20,21,2,1,3.769699662705966,3.6399389876389705,3.6399389876389705,False,313.4775332134896,0.6568156563647783,False
153,188,7,8,2,1,3.5527736173913524,4.232142224145132,4.232142224145132,False,69.99650590777331,0.3449782333657341,False
183,156,25,26,2,2,4.096381911675712,4.30849808347055,5.669930552138013,True,441.5054828294992,0.7442968420120448,False
157,164,36,37,3,2,3.0241788397272082,2.636245042897391,2.0415435998708418,False,566.6767937587898,0.7220015161617855,False
159,177,17,18,2,1,2.2870498815712637,2.6326721917859857,2.6326721917859857,False,215.0840247478332,0.507785248682997,False
160,174,33,34,2,2,3.47584775272637,4.119774773743666,4.162785059260617,False,630.3287370043909,0.830997515488839,False
162,179,20,21,3,3,3.702878331569083,3.550912405437733,3.638817967487075,True,307.47850295172435,0.6955658257747523,False
162,191,20,21,3,3,3.702878331569083,4.564174193985559,4.558101166984063,True,311.5244528483816,0.4450895059458241,False
163,193,31,32,3,2,3.354536481601368,4.291800286010751,3.968195564641171,True,570.3633741662737,0.7433440494824123,False
163,197,31,32,3,2,3.354536481601368,4.300133408472982,3.9848618095656327,True,557.6485333034976,0.6369238850475321,False
164,189,37,38,2,1,2.636245042897391,3.2309464859239405,3.2309464859239405,False,587.3299530320966,0.9244759903309503,False
169,176,0,1,2,2,2.4180632446968673,3.043395392547268,2.58759771912516,True,22.58759771912516,0.5832024076303471,False
170,172,11,12,2,2,2.803466805721019,3.1646574417423228,3.4265460325272095,False,118.70695101472263,2.0582930412856926,True
172,182,12,13,2,1,3.1646574417423228,2.902768850957436,2.902768850957436,False,114.51680955346961,1.123823317521767,True
174,178,34,35,2,2,4.119774773743666,3.711993838058108,4.076764488226715,False,649.2071380667041,0.8620124938616971,False
178,187,35,36,2,2,3.711993838058108,3.24305699637854,3.347223187889501,False,667.0315102857386,0.8594410446328162,False
179,190,21,22,3,1,3.550912405437733,1.6169580762179976,1.6169580762179976,False,325.94134428319103,0.6670658981946619,False
181,195,28,29,2,1,2.899998354102566,3.7089683902047703,3.7089683902047703,False,397.21070293142384,0.701931676900237,False
187,196,36,37,2,1,3.24305699637854,3.1388908048675788,3.1388908048675788,False,688.3956223881827,0.7970358775878907,False
