id,x_nm,y_nm,radius_nm,degree,euclidean_nm,graph_distance,incident_intensity,scattered_intensity,total_intensity,dipole_intensity,incident_normalized,scattered_normalized,total_normalized,dipole_normalized,remote
0,0.0,0.0,10,2,292.5981943331369,15,2.6130704607078887e-25,2.686993481409833e-05,2.6869934809204044e-05,5.0287231868001906e-73,2.6130704607078887e-25,0.0002979325684949322,2.0720066476545224e-05,2.072006647654526e-05,False
1,14.481411106813882,-17.113883629501643,10,3,280.6323458387221,14,2.4359998388481566e-23,2.405974018490015e-05,2.4059740149267238e-05,4.502793699207776e-73,2.4359998388481566e-23,0.0002667732631359782,1.8553056374757493e-05,1.855305637475753e-05,False
2,23.14618408579622,3.6000693915473114,10,3,303.0514769875785,15,4.258877552323074e-27,2.0040982322624195e-05,2.0040982322069768e-05,3.750680945259439e-73,4.258877552323074e-27,0.00022221346571366148,1.5454093540499143e-05,1.5454093540499163e-05,False
3,20.087457549563243,-40.1648550728126,10,2,261.078074138606,13,2.680691778097022e-20,3.1044306653665476e-05,3.104430566133242e-05,5.809959004581567e-73,2.680691778097022e-20,0.0003442178063497933,2.3939026335138753e-05,2.3939026335138787e-05,False
4,44.115193533885524,13.015848867394958,10,2,319.4043376909223,16,5.088014665052908e-30,2.5097522698920192e-05,2.5097522698898925e-05,4.6970152783536207e-73,5.088014665052908e-30,0.0002782801466502208,1.935331597974922e-05,1.9353315979749265e-05,False
5,64.78413548803319,4.147889364219724,10,4,319.96641574720434,17,4.011974694548875e-30,2.7305258567598183e-05,2.7305258567579894e-05,5.1101942693708646e-73,4.011974694548875e-30,0.00030275941771895843,2.105575531525716e-05,2.1055755315257145e-05,False
6,87.6845122793535,1.1165507039525786,10,4,328.2620376176894,18,1.1462828860248837e-31,2.2180188711970463e-05,2.2180188711967695e-05,4.1510346063537693e-73,1.1462828860248837e-31,0.0002459328851513409,1.7103688112293652e-05,1.7103688112293676e-05,False
7,110.56353292882879,6.099560095954825,10,2,344.5906085967469,19,8.027846012537072e-35,1.892757871451416e-05,1.8927578714514092e-05,3.542306843225354e-73,8.027846012537072e-35,0.00020986809907876742,1.4595520680996837e-05,1.4595520680996843e-05,False
8,130.45973214727786,14.468407099805912,10,3,362.71642479206065,20,1.6724614554894388e-38,1.887213057296319e-05,1.887213057296319e-05,3.531929692813125e-73,1.6724614554894388e-38,0.0002092532927033577,1.4552763257612912e-05,1.4552763257612934e-05,False
9,147.08866068641217,-2.1986548805427155,10,4,359.44764811173,21,7.964699099535915e-38,1.4793107927764162e-05,1.4793107927764159e-05,2.768538344786145e-73,7.964699099535915e-38,0.0001640252822135258,1.1407328742494306e-05,1.1407328742494333e-05,False
10,74.45786972479526,-16.935003326712568,10,4,306.00425146338813,18,1.296901637241474e-27,2.4243391783640308e-05,2.424339178334142e-05,4.537164204276741e-73,1.296901637241474e-27,0.00026880958339129004,1.8694674659043012e-05,1.8694674659043036e-05,False
11,23.14281300099637,-63.118191987510414,10,3,241.2686711775793,12,1.9301895096588873e-17,4.822998072150172e-05,4.8229952062088145e-05,9.026262250171375e-73,1.9301895096588873e-17,0.0005347717489541017,3.719130023883591e-05,3.719130023883597e-05,False
12,40.39159991723629,-76.81880208337569,10,2,237.11128052556575,13,7.188880367162614e-17,5.052619342500027e-05,5.052612909384778e-05,9.455993053859514e-73,7.188880367162614e-17,0.000560232046989699,3.89619387267149e-05,3.896193872671487e-05,False
13,47.96584360634245,-99.67726061896414,10,2,221.89484757083707,12,7.280315223493354e-15,7.621919281038082e-05,7.621867541492258e-05,1.4264367332775542e-72,7.280315223493354e-15,0.0008451148110226348,5.877409203130853e-05,5.87740920313086e-05,False
14,13.159551339562682,-82.48502586963176,10,3,219.49893961235824,11,1.464901980458401e-14,4.713335295197152e-05,4.713283837963277e-05,8.820936816645222e-73,1.464901980458401e-14,0.0005226123920252724,3.6345288940549626e-05,3.6345288940549647e-05,False
15,152.35991637286944,20.5694035999359,10,5,380.6068319154245,21,2.5404355893111406e-42,1.5798939349297365e-05,1.5798939349297365e-05,2.956780252605872e-73,2.5404355893111406e-42,0.0001751778935229162,1.2182950048104143e-05,1.2182950048104175e-05,False
16,55.73054736638236,-120.4378992421094,10,3,210.08664635645712,11,2.1223330439068444e-13,0.00010568218694738502,0.0001056816588452909,1.9778381005702313e-72,2.1223330439068444e-13,0.0011717990988528789,8.14937219674954e-05,8.149372196749538e-05,False
17,-2.5481482298868965,-99.20003861576896,10,3,197.87307328811295,10,5.721563947192388e-12,5.580266333466467e-05,5.579193877831337e-05,1.0441492253823304e-72,5.721563947192388e-12,0.0006187372962077846,4.302253386733239e-05,4.302253386733247e-05,False
18,170.5270628050521,-8.767739757259339,10,3,369.74580624746324,22,5.558510486445277e-40,1.3281427647878285e-05,1.3281427647878285e-05,2.4856265428607127e-73,5.558510486445277e-40,0.00014726384264750092,1.0241634961957529e-05,1.0241634961957536e-05,False
19,68.78981143510354,-139.64312614686142,10,2,204.92162716739762,12,8.755858752096117e-13,7.64104298426563e-05,7.640831241104586e-05,1.429985800166818e-72,8.755858752096117e-13,0.0008472352382068232,5.892032577523041e-05,5.892032577523047e-05,False
20,192.35839894670934,-15.187767602016343,10,2,380.2783058291705,23,2.9969808158664896e-42,1.2941469654448714e-05,1.2941469654448714e-05,2.4220032160370182e-73,2.9969808158664896e-42,0.0001434944044682273,9.979485006138477e-06,9.979485006138484e-06,False
21,95.67151278682232,-25.250223900961434,10,2,310.25242667766423,19,2.297166292586935e-28,2.5302842736256477e-05,2.530284273612919e-05,4.7354410370785984e-73,2.297166292586935e-28,0.00028055672552956286,1.9511643301738874e-05,1.951164330173889e-05,False
22,175.29793156344948,15.743309467569361,10,4,391.2779535989358,22,1.0959669165436509e-44,1.3415630504087548e-05,1.3415630504087548e-05,2.5107426817552215e-73,1.0959669165436509e-44,0.00014875187758046262,1.0345122079501473e-05,1.0345122079501485e-05,False
23,79.86594986238497,-158.85043796486548,10,4,200.73432764393897,11,2.6917223073485686e-12,0.00015935504125398533,0.00015936871297598487,2.9825942931514695e-72,2.6917223073485686e-12,0.0017669211731211605,0.00012289312760121578,0.00012289312760121608,False
24,99.56407912127167,-173.1876133356967,10,3,208.8412199916816,12,2.996576771305253e-13,0.00011417456639097395,0.0001141802451835268,2.1368896147535542e-72,2.996576771305253e-13,0.0012659622011367917,8.804719056112178e-05,8.804719056112186e-05,False
25,116.62197777886037,-189.5984122755856,10,2,216.09387951093973,13,3.9056705165798014e-14,9.746366813365399e-05,9.746590644233428e-05,1.824079839156048e-72,3.9056705165798014e-14,0.001080672550301891,7.51583535658651e-05,7.515835356586519e-05,False
26,136.3673171189066,-202.64188294687887,10,5,229.28167327541334,14,8.038801728798646e-16,7.447753001953756e-05,7.447779373216074e-05,1.3938560361313073e-72,8.038801728798646e-16,0.0008258033362342508,5.743165542136672e-05,5.743165542136671e-05,False
27,196.55932808237995,21.71165333912473,10,3,409.80911716055084,23,5.987275657907583e-49,1.148370252881966e-05,1.148370252881966e-05,2.149181290801278e-73,5.987275657907583e-49,0.0001273307514109725,8.855364982594179e-06,8.855364982594184e-06,False
28,215.46091846863874,9.135422666434762,10,3,413.8063574665167,24,6.790792978426898e-50,1.0749992311100379e-05,1.0749992311100379e-05,2.0118670170437823e-73,6.790792978426898e-50,0.0001191954071606624,8.289583018714738e-06,8.289583018714752e-06,False
29,212.8465145850529,-25.77604350917355,10,2,388.0849764925529,24,5.679813060736636e-44,1.1703445119101879e-05,1.1703445119101879e-05,2.190306238320735e-73,5.679813060736636e-44,0.00012976724687638612,9.024813889363249e-06,9.024813889363257e-06,False
30,66.07632467603601,-178.90564871335638,10,4,177.7056591011288,10,8.55892033296044e-10,0.0003694476574534474,0.00037014223521766545,6.927232439788188e-72,8.55892033296044e-10,0.004096418181550214,0.0002854257657841431,0.0002854257657841431,False
31,-12.177179031182261,-118.78433598470437,10,2,176.0955969859518,9,1.2473381103423306e-09,8.714240876782386e-05,8.698285609488886e-05,1.6278889710913615e-72,1.2473381103423306e-09,0.0009662309137948046,6.707461604962683e-05,6.707461604962685e-05,False
32,153.7607447958474,-219.43936106066792,10,4,240.79432351275375,15,2.2452165202271592e-17,4.699520596331944e-05,4.6995242871754195e-05,8.795185741111105e-73,2.2452165202271592e-17,0.0005210806247380157,3.623918566600273e-05,3.6239185666002744e-05,False
33,116.36078769862206,-35.174599256146024,10,3,314.5022108305373,20,3.9703000407689854e-29,2.1793059663733507e-05,2.1793059663684928e-05,4.078583190479228e-73,3.9703000407689854e-29,0.00024164041654364942,1.680516339787295e-05,1.680516339787297e-05,False
34,234.06070433280047,-35.6221234497544,10,3,398.1089417615619,25,3.100784354980506e-46,1.111780306505013e-05,1.111780306505013e-05,2.0807030034306182e-73,3.100784354980506e-46,0.00012327367543345368,8.57321092204767e-06,8.573210922047678e-06,False
35,258.68215551423225,-34.47025083986861,10,4,418.4168791370897,26,5.372559223339807e-51,7.486036737537802e-06,7.486036737537802e-06,1.4010159230605707e-73,5.372559223339807e-51,8.300482187592918e-05,5.7726667351091274e-06,5.7726667351091325e-06,False
36,220.82600661380718,29.77679850981469,10,4,432.270873630393,24,2.2189722823036958e-54,9.043068743983509e-06,9.043068743983509e-06,1.6924153257387462e-73,2.2189722823036958e-54,0.00010026911924466672,6.97333234553006e-06,6.973332345530071e-06,False
37,138.49501059974406,-35.779864440224266,10,3,328.2436749546191,21,1.1554556980717506e-31,2.1030894533060503e-05,2.1030894533058212e-05,3.9359435640056894e-73,1.1554556980717506e-31,0.0002331895655620705,1.6217439151989e-05,1.6217439151989012e-05,False
38,241.33313101611665,20.8295320561421,10,4,440.5376488495986,25,1.8809184848924713e-56,8.325945856594095e-06,8.325945856594095e-06,1.558205380042674e-73,1.8809184848924713e-56,9.23176945298465e-05,6.42034127934143e-06,6.420341279341436e-06,False
39,77.0884008336407,23.0493824653772,10,3,342.3888269730828,18,2.1823083387532833e-34,1.2975121795195601e-05,1.2975121795195508e-05,2.428301232822711e-73,2.1823083387532833e-34,0.00014386753781586806,1.0005434998138935e-05,1.0005434998138936e-05,False
40,278.292566358939,-49.4873971576722,10,5,426.0190262604104,27,7.707237753729155e-53,7.660184667487695e-06,7.660184667487695e-06,1.433607804637163e-73,7.707237753729155e-53,8.493576590043139e-05,5.90695647979725e-06,5.906956479797263e-06,False
41,83.70983439251427,-195.62784489448333,10,4,183.95502816237456,11,1.9206415476521185e-10,0.00027818537894663375,0.0002785273386943604,5.21265457544134e-72,1.9206415476521185e-10,0.003084506346618312,0.00021477926962835568,0.000214779269628356,False
42,245.64096900370888,-53.49868628671063,10,4,396.72410506214385,26,6.41988286918806e-46,1.1640399783648588e-05,1.1640399783648588e-05,2.178507268860455e-73,6.41988286918806e-46,0.00012906820317370592,8.976198083225124e-06,8.976198083225141e-06,False
43,166.33525459232465,-239.3541499991928,10,3,248.80282372818928,16,1.6803981923004587e-18,3.1782926241401986e-05,3.1782932839728275e-05,5.948193490253928e-73,1.6803981923004587e-18,0.0003524075854630476,2.4508599888123432e-05,2.4508599888123493e-05,False
44,260.18857888751506,34.388113486349226,10,3,463.564575951086,26,1.9794987355624083e-62,6.31036234541202e-06,6.31036234541202e-06,1.1809878091931343e-73,1.9794987355624083e-62,6.996899972812222e-05,4.86607534467249e-06,4.866075344672493e-06,False
45,282.27236538803936,44.437658350432535,10,3,486.6301009950691,27,1.0079798491131777e-68,5.247318781956652e-06,5.247318781956652e-06,9.820386173143526e-74,1.0079798491131777e-68,5.818202289049749e-05,4.046336351680447e-06,4.046336351680452e-06,False
46,300.68923259705673,-51.01001666925516,10,3,444.16794980707084,28,2.2498776359138286e-57,5.877505083263293e-06,5.877505083263293e-06,1.099978332757914e-73,2.2498776359138286e-57,6.516949884373639e-05,4.532288481761874e-06,4.532288481761881e-06,False
47,-15.816856974606607,-142.2211509362703,10,2,153.12348228512136,8,1.8516526695115991e-07,0.0001875132962818819,0.000184793374664346,3.4584182452997077e-72,1.8516526695115991e-07,0.0020791385753157806,0.00014249870848807617,0.00014249870848807614,False
48,324.95456861711193,-58.41343477187831,10,3,461.44317370349916,29,7.244488818512065e-62,4.2859487904417455e-06,4.2859487904417455e-06,8.021176907563575e-74,7.244488818512065e-62,4.752239781780456e-05,3.3050003464318863e-06,3.305000346431889e-06,False
49,280.44141539115475,22.53344562429391,10,3,470.8275449211977,27,2.2279847659496546e-64,5.71431105561918e-06,5.71431105561918e-06,1.069436480066848e-73,2.2279847659496546e-64,6.336001117078778e-05,4.406445560096022e-06,4.4064455600960315e-06,False
50,304.31509315229493,17.603086162049433,10,2,486.23659538599867,28,1.2983028762971234e-68,4.3504345608985324e-06,4.3504345608985324e-06,8.141862384256155e-74,1.2983028762971234e-68,4.82374129957902e-05,3.354726907368617e-06,3.3547269073686217e-06,False
51,143.56587164362878,-181.180193012172,10,3,244.0851389984572,15,7.817873704620597e-18,5.634540056461327e-05,5.634541848626308e-05,1.0545076287820892e-72,7.817873704620597e-18,0.0006247551409869082,4.344933565987744e-05,4.344933565987744e-05,False
52,187.13910467171715,-251.0933731876352,10,2,267.7271516619454,17,2.6221317254396144e-21,3.771261748239966e-05,3.771261772091345e-05,7.057937301103074e-73,2.6221317254396144e-21,0.0004181557219596572,2.908112549324832e-05,2.908112549324836e-05,False
53,156.09869219828633,-53.388630180204466,10,4,327.6454250622297,22,1.4976890621755283e-31,1.9491741689900764e-05,1.9491741689898497e-05,3.647890256642425e-73,1.4976890621755283e-31,0.00021612351151164327,1.5030560603370087e-05,1.5030560603370126e-05,False
54,262.02045501054545,-68.21420452603807,10,3,402.2255393394974,27,3.5111931260276435e-47,8.818109596138035e-06,8.818109596138035e-06,1.6503140965810983e-73,3.5111931260276435e-47,9.777478283530308e-05,6.799860823140339e-06,6.799860823140347e-06,False
55,-16.99322250308828,-165.16198955280183,10,3,131.99616141742086,7,9.936159277068307e-06,0.00046132353784504544,0.0004284792904391296,8.019013660416002e-72,9.936159277068307e-06,0.005115133605208026,0.0003304109014317585,0.0003304109014317595,False
56,166.91199218107863,36.91668074413601,10,3,402.4352952356774,22,3.1404442234140817e-47,1.1450056822989892e-05,1.1450056822989892e-05,2.1428844783138703e-73,3.1404442234140817e-47,0.00012695768941338892,8.82941995271624e-06,8.829419952716243e-06,False
57,326.8447066209815,23.11993427180357,10,2,507.4754054718883,29,1.130519512215815e-74,3.916522884155336e-06,3.916522884155336e-06,7.329794277148422e-74,1.130519512215815e-74,4.342622081216743e-05,3.020126959474863e-06,3.0201269594748693e-06,True
58,-20.63454142160833,-187.82343351217853,10,4,110.51690682616,6,0.000311110282121513,0.0010932946882503767,0.0011611873747413282,2.1731686053741988e-71,0.000311110282121513,0.01212239988097758,0.0008954200956276182,0.0008954200956276198,False
59,1.3964712313571503,-200.61924365862302,10,3,114.11607891082917,6,0.00018229144980505706,0.0029018757053287793,0.003969447554011294,7.4288430900124e-71,0.00018229144980505706,0.032175860802163926,0.0030609384718752967,0.003060938471875304,False
60,155.4224966225716,-259.97093669151354,10,2,235.25912649644008,17,1.2819706273719892e-16,3.3211147901162025e-05,3.32112187665652e-05,6.215497992801678e-73,1.2819706273719892e-16,0.00036824363978980174,2.5609986235418844e-05,2.5609986235418834e-05,False
61,282.0815541546612,-28.47629870181899,10,3,440.9260027595557,27,1.4999518927341198e-56,6.0047076605559074e-06,6.0047076605559074e-06,1.1237843655746734e-73,1.4999518927341198e-56,6.657991501460403e-05,4.630377512353344e-06,4.6303775123533494e-06,False
62,-17.669316724928503,-210.12272746538002,10,3,94.20587581911472,5,0.0028296525520323805,0.00593038908040399,0.008290238181738345,1.551522668909625e-70,0.0028296525520323805,0.06575587410699678,0.006392806214519443,0.0063928062145194595,False
63,347.7292286013972,-57.27176682208189,10,2,482.0286606860309,30,1.9199305570840838e-67,3.997998842061871e-06,3.997998842061871e-06,7.482276983787142e-74,1.9199305570840838e-67,4.432962238636636e-05,3.0829550711190095e-06,3.0829550711190138e-06,False
64,100.37145134306543,-210.51771085665072,10,2,192.84523836349234,12,2.0969383739750267e-11,0.00022893846852845788,0.00022904418417003623,4.286574596909909e-72,2.0969383739750267e-11,0.002538458929204087,0.0001766215942006523,0.00017662159420065248,False
65,37.92242017983344,-136.6271245575594,10,2,186.277394445397,10,1.087831589313907e-10,0.00017282214862501393,0.00017288328468321594,3.2355202514256463e-72,1.087831589313907e-10,0.0019162438237716707,0.0001333145456717928,0.00013331454567179298,False
66,80.22299531950765,-216.68514225910718,10,4,171.85242994657932,11,3.310651698401764e-09,0.00024982272347813224,0.00025120546273359575,4.70132415307011e-72,3.310651698401764e-09,0.0027700225619894862,0.00019371070023320214,0.0001937107002332023,False
67,369.45342614161734,-58.359580553406076,10,3,500.86858121222616,31,9.25059821440364e-73,3.0299193227060125e-06,3.0299193227060125e-06,5.670510799678785e-74,9.25059821440364e-73,3.359560238577824e-05,2.336445184211341e-06,2.336445184211344e-06,True
68,283.53741944401804,-72.12957989495203,10,3,418.6396530368201,28,4.7493869558660267e-51,7.074315704007731e-06,7.074315704007731e-06,1.3239621035218366e-73,4.7493869558660267e-51,7.843967849647293e-05,5.455178537050202e-06,5.455178537050214e-06,False
69,392.65916696866395,-67.30882242400438,10,2,517.9712545453187,32,9.1800131325057e-78,1.7234927299392993e-06,1.7234927299392993e-06,3.225526193073798e-74,9.1800131325057e-78,1.911000601102087e-05,1.3290275614644312e-06,1.3290275614644324e-06,True
70,236.29801332426905,46.11652141944499,10,3,454.7728810228557,25,4.119308077336902e-60,6.667437983235854e-06,6.667437983235854e-06,1.2478147126492277e-73,4.119308077336902e-60,7.392823754019173e-05,5.141425136378359e-06,5.141425136378366e-06,False
71,174.83596232172331,-63.342866370589505,10,4,334.7511801419256,23,6.666807144239322e-33,1.7692209118249612e-05,1.7692209118249118e-05,3.311106738829209e-73,6.666807144239322e-33,0.0001961703793261118,1.3642896852935105e-05,1.3642896852935122e-05,False
72,30.257441980675818,-158.76431389910192,10,3,164.41339709522677,9,1.7305500849921206e-08,0.0003927515027919343,0.00039372536262508994,7.368591975838713e-72,1.7305500849921206e-08,0.00435481011832042,0.00030361129437125715,0.0003036112943712576,False
73,97.28530671045972,30.868271290196436,10,3,358.83687720565274,19,1.0644821945868727e-37,1.293592234601115e-05,1.2935922346011147e-05,2.4209650341894475e-73,1.0644821945868727e-37,0.00014343289617420012,9.975207340397625e-06,9.97520734039763e-06,False
74,163.52783095653427,-283.58130178023634,10,3,242.3579924380916,17,1.362476865225693e-17,4.7098097518482176e-05,4.709812209842001e-05,8.814439645381734e-73,1.362476865225693e-17,0.0005222214814434063,3.631851836370772e-05,3.631851836370773e-05,False
75,303.3386610507872,-85.00745152281102,10,2,429.8461928628119,29,8.838343499494025e-54,5.069542517561671e-06,5.069542517561671e-06,9.487676909360888e-74,8.838343499494025e-54,5.621084806498803e-05,3.909248709214187e-06,3.909248709214189e-06,False
76,322.32615081967083,-96.74823883888786,10,2,441.7670943130609,30,9.181202218304598e-57,3.326443742086019e-06,3.326443742086019e-06,6.225457893438727e-74,9.181202218304598e-57,3.688345114680317e-05,2.56510244464385e-06,2.565102444643851e-06,False
77,349.62957326368854,22.028111783821938,10,2,525.2352089480008,30,6.123172550512548e-80,3.4092515504222454e-06,3.4092515504222454e-06,6.380433165535724e-74,6.123172550512548e-80,3.780162021568023e-05,2.6289575788556344e-06,2.6289575788556373e-06,True
78,62.60915880851365,-201.15467214898,10,4,162.79988826206363,10,2.45347355515802e-08,0.0005506331978598512,0.00055612287997054,1.0407870510575288e-71,2.45347355515802e-08,0.0061053948984977745,0.0004288400073888645,0.000428840007388865,False
79,305.2666187142075,45.07878987875639,10,2,504.3436909522941,28,9.186218910583284e-74,3.834496188301897e-06,3.834496188301897e-06,7.176280861390698e-74,9.186218910583284e-74,4.2516712681617555e-05,2.9568741602774337e-06,2.9568741602774345e-06,True
80,190.6161062101119,-46.86391675822279,10,2,357.46853006830423,24,2.035058328183642e-37,1.0785058758956889e-05,1.0785058758956887e-05,2.018429722188655e-73,2.035058328183642e-37,0.00011958422227875498,8.316623617653381e-06,8.316623617653397e-06,False
81,119.18499991742685,38.292062317249304,10,3,376.36970760027185,20,2.1177367630617926e-41,1.4767991956660539e-05,1.4767991956660539e-05,2.7638378768786216e-73,2.1177367630617926e-41,0.00016374679751183534,1.1387961200496709e-05,1.1387961200496714e-05,False
82,408.3698193421208,-85.98911819611155,10,2,525.063604604105,33,6.89808987625925e-80,1.8971875143163762e-06,1.8971875143163762e-06,3.5505969443895286e-74,6.89808987625925e-80,2.1035925578807972e-05,1.4629678744751435e-06,1.4629678744751448e-06,True
83,-15.263265326026291,-233.43896786017564,10,3,79.85522959243285,4,0.01475601828625135,0.03590112382351787,0.07791129822445214,1.4581142629374783e-69,0.01475601828625135,0.39806996580368176,0.06007931503918706,0.060079315039187085,False
84,83.68636907037163,-238.2738358030122,10,3,168.23295645063993,12,7.47065815970958e-09,0.00020844020739103444,0.00021047526668764466,3.939056277418134e-72,7.47065815970958e-09,0.0023111751775833685,0.00016230264600205658,0.00016230264600205685,False
85,101.91453162946485,54.72623716987983,10,3,381.9730160022623,20,1.2757394896576015e-42,8.98219752308205e-06,8.98219752308205e-06,1.6810232430214048e-73,1.2757394896576015e-42,9.959418202148156e-05,6.926393052504507e-06,6.926393052504516e-06,False
86,-30.687612080723724,-249.0608134377281,10,3,58.203741661286166,3,0.10648134396421982,0.09018797424476735,0.35078531474799746,6.564966600730325e-69,0.10648134396421982,1.0,0.27049916913399663,0.27049916913399696,False
87,196.72468643066662,-74.14074625145881,10,3,345.02360397917516,24,6.589614928535402e-35,1.4744096176179112e-05,1.4744096176179071e-05,2.759365768322087e-73,6.589614928535402e-35,0.00016348184222614973,1.1369534577447539e-05,1.1369534577447558e-05,False
88,73.90702402767634,-258.1324818041,10,2,154.5505109288721,13,1.3851261735187692e-07,0.0003680608696500156,0.00038144027676127555,7.138675913243597e-72,1.3851261735187692e-07,0.004081041543866035,0.0002941379630224551,0.00029413796302245527,False
89,-42.519527041556096,-269.01065586943747,10,3,38.48453915106726,2,0.37560656230401973,0.07574841233412444,0.7251730774963964,1.3571654323479192e-68,0.37560656230401973,0.8398948193308523,0.5591987654387358,0.559198765438737,False
90,44.95617234352424,-184.47017963901857,10,4,157.45096906525413,9,7.61457450980546e-08,0.0005593893522860601,0.0005684132183563324,1.0637884874410237e-71,7.61457450980546e-08,0.006202482725334254,0.00043831738908633045,0.00043831738908633127,False
91,203.9197549667184,-264.4083442428065,10,2,283.2764467960632,18,9.089648532672177e-24,2.3960103533711492e-05,2.3960103541522488e-05,4.4841466528647924e-73,9.089648532672177e-24,0.0002656684966521647,1.8476224140119487e-05,1.8476224140119517e-05,False
92,179.88296935276307,-299.4258592791772,10,2,259.30746919378845,18,4.9296260315546555e-20,3.8873508524141204e-05,3.887350955547473e-05,7.275198851132047e-73,4.9296260315546555e-20,0.00043102762701643254,2.9976317690586622e-05,2.9976317690586632e-05,False
93,104.99211421945479,-248.8306768551287,10,2,186.74554441629923,13,9.692119578423551e-11,0.00018803704242822622,0.000188255620317049,3.5232143645153794e-72,9.692119578423551e-11,0.002084945847856606,0.00014516853112037976,0.00014516853112037968,False
94,22.726053538744395,-179.69611099180085,10,4,143.99181445822717,8,1.113287202900009e-06,0.000701772804231554,0.0007278200491711975,1.3621192545028246e-71,1.113287202900009e-06,0.0077812237175542325,0.000561239910289025,0.0005612399102890253,False
95,216.18842230598267,-85.00005724996166,10,3,354.619205415646,25,7.783387702058716e-37,1.274372346508623e-05,1.2743723465086226e-05,2.3849949071367716e-73,7.783387702058716e-37,0.00014130180405760263,9.826998064202513e-06,9.826998064202521e-06,False
96,-53.96783298163705,-289.60518229385127,10,2,26.058010594613133,2,0.6383051697298374,0.06434470961531663,1.0434241349533409,1.952774049645052e-68,0.6383051697298374,0.7134511020359222,0.8046099699527092,0.8046099699527101,False
97,428.4573404339807,-78.01746422934211,10,2,546.674882315243,34,1.5423008856986895e-86,1.6859361281412203e-06,1.6859361281412203e-06,3.1552388047267625e-74,1.5423008856986895e-86,1.8693580183602332e-05,1.300066743679984e-06,1.3000667436799875e-06,True
98,436.4008066150278,-101.1635005432585,10,3,545.9658978915536,35,2.5739734229185614e-86,1.3291125848505403e-06,1.3291125848505403e-06,2.48744156648136e-74,2.5739734229185614e-86,1.4737137583813228e-05,1.0249113482583785e-06,1.024911348258381e-06,True
99,338.7242390522767,-112.29731552031788,10,2,450.63381112068265,31,4.907740050150178e-59,2.287265286612064e-06,2.287265286612064e-06,4.280629656462492e-74,4.907740050150178e-59,2.5361089499632152e-05,1.7637664223830737e-06,1.7637664223830765e-06,False
100,254.360826874265,62.844208062768644,10,3,479.35201184571537,26,1.0523703080869805e-66,5.515502137539974e-06,5.515502137539974e-06,1.0322292808984621e-73,1.0523703080869805e-66,6.11556272743312e-05,4.253139121953115e-06,4.253139121953118e-06,False
101,27.534068457089678,-201.47163327426773,10,4,133.27239156057306,9,7.943468307872736e-06,0.0010315542474648395,0.001139002945137854,2.1316503224587065e-71,7.943468307872736e-06,0.0114378247887599,0.000878313137259756,0.0008783131372597562,False
102,185.18726854100956,50.91755314399692,10,3,424.72348278951705,23,1.5972522048588868e-52,7.195346332061099e-06,7.195346332061099e-06,1.3466130526189096e-73,1.5972522048588868e-52,7.978166038559812e-05,5.548508226041662e-06,5.548508226041673e-06,False
103,235.914956008024,-99.48064287656163,10,3,363.7220373288397,26,1.0318062732439822e-38,9.749051165082124e-06,9.749051165082124e-06,1.8245403269961322e-73,1.0318062732439822e-38,0.00010809701899527651,7.51773272462681e-06,7.517732724626825e-06,False
104,208.2116773766529,-286.80455621208546,10,2,287.0791082522324,19,2.166630531743644e-24,1.7170454246348642e-05,1.7170454248732606e-05,3.2134600259214854e-73,2.166630531743644e-24,0.00019038518594229165,1.3240558862254898e-05,1.3240558862254915e-05,False
105,324.64388997261375,59.030225245563415,10,2,528.1460438888331,29,8.064028479286926e-81,3.0692493685524803e-06,3.0692493685524803e-06,5.744117198388132e-74,8.064028479286926e-81,3.403169207706821e-05,2.366773548245378e-06,2.36677354824538e-06,True
106,122.00765257402537,-263.74092703435826,10,2,201.6397483642816,14,2.1155397099153614e-12,0.0001344685161300594,0.00013449260377773145,2.5170365312480756e-72,2.1155397099153614e-12,0.0014909805576197557,0.00010371054900824309,0.00010371054900824323,False
107,207.5605814225642,58.711207893709386,10,2,444.9166316784388,24,1.4488675792942502e-57,6.8189898083665e-06,6.8189898083665e-06,1.276177720689548e-73,1.4488675792942502e-57,7.560863702138352e-05,5.2582904698317586e-06,5.258290469831762e-06,False
108,21.855697137643663,-225.31886135676237,10,2,115.43082380566753,10,0.00014931713779461333,0.003367963635170704,0.004684703320437369,8.767448219745449e-71,0.00014931713779461333,0.037343821760871976,0.0036124897552451416,0.003612489755245146,False
109,346.98946141437045,58.17083156988607,10,3,544.870573939423,30,5.6712750425336765e-86,3.0521578517406226e-06,3.0521578517406226e-06,5.712130329979386e-74,5.6712750425336765e-86,3.3842182145672343e-05,2.3535938599788707e-06,2.353593859978875e-06,True
110,141.65143930088976,43.64160889700411,10,2,393.0764534506397,21,4.3126539376375954e-45,1.2240426520058179e-05,1.2240426520058179e-05,2.2908026050236577e-73,4.3126539376375954e-45,0.0001357212712954173,9.438893432298042e-06,9.438893432298052e-06,False
111,137.1015139897346,-280.73071240593157,10,3,215.92754384309836,15,4.09571210216518e-14,9.11438532714425e-05,9.114620167327263e-05,1.7058062142605162e-72,4.09571210216518e-14,0.0010105987415138177,7.02850740489292e-05,7.02850740489293e-05,False
112,-0.6617579486115872,-251.06256264256706,10,2,83.98142553356341,5,0.009437529413948091,0.005500593165492127,0.02912820336893803,5.4513593989455994e-70,0.009437529413948091,0.06099031729622498,0.022461472810867713,0.022461472810867737,False
113,454.2069169475178,-84.15703447122708,10,3,568.4862817713276,36,1.5998334942592492e-93,1.3829639299647545e-06,1.3829639299647545e-06,2.5882246572253896e-74,1.5998334942592492e-93,1.533423875572849e-05,1.0664374427033746e-06,1.0664374427033757e-06,True
114,82.09293933998708,-278.1513791813711,10,2,160.95734536390725,14,3.6397287371846624e-08,0.00021283479713252228,0.00021754636526584453,4.071392279082576e-72,3.6397287371846624e-08,0.002359902181136648,0.00016775534373440534,0.0001677553437344055,False
115,-2.8667347130751146,-274.5273947716126,10,2,76.30230678041461,6,0.02129497860776507,0.005039467345349482,0.04442981521157394,8.315064533136004e-70,0.02129497860776507,0.05587737597556549,0.034260921407561186,0.03426092140756116,False
116,369.5654074493028,63.7049609998422,10,3,566.0505079171384,31,9.944210267918661e-93,2.757958486569472e-06,2.757958486569472e-06,5.161534588053237e-74,9.944210267918661e-93,3.05801134759326e-05,2.126729505934529e-06,2.1267295059345277e-06,True
117,307.8486224140714,-30.33142837262805,10,3,461.23987895439535,28,8.201020654857386e-62,4.652800117098589e-06,4.652800117098589e-06,8.707741197937583e-74,8.201020654857386e-62,5.159002800607356e-05,3.5878884118221636e-06,3.587888411822171e-06,False
118,476.03214027884434,-90.68580653616898,10,3,586.8408200966269,37,1.3037539482552516e-99,1.1818769862981376e-06,1.1818769862981376e-06,2.211889328033329e-74,1.3037539482552516e-99,1.3104596219120748e-05,9.113743630970035e-07,9.11374363097004e-07,True
119,187.53465567008868,73.55281577751519,10,3,444.0819899225309,24,2.3663713907028843e-57,6.266114049637492e-06,6.266114049637492e-06,1.172706716123213e-73,2.3663713907028843e-57,6.947837671385603e-05,4.831954397359733e-06,4.83195439735974e-06,False
120,-53.10726153931023,-244.71663289416384,10,2,45.11202776213725,2,0.26040494270022757,0.020721659003998215,0.37865479097505755,7.086545392425002e-69,0.26040494270022757,0.22976077661707178,0.29199000653987595,0.29199000653987645,False
121,257.74992745316007,-105.34107926598385,10,3,380.0167371423807,27,3.418115145617833e-42,7.45772171239843e-06,7.45772171239843e-06,1.3957167504178287e-73,3.418115145617833e-42,8.269086621414076e-05,5.750832323997274e-06,5.750832323997279e-06,False
122,149.41828003285138,-299.2817490662609,10,4,228.9117147094841,16,8.992172340856672e-16,8.792044433259939e-05,8.792074356422783e-05,1.6454415870435916e-72,8.992172340856672e-16,0.0009748577354003544,6.779784410545247e-05,6.779784410545249e-05,False
123,210.27306059956967,-57.97922311243114,10,2,365.6009670159117,25,4.169856873865511e-39,1.0591157412797956e-05,1.0591157412797956e-05,1.9821409778241825e-73,4.169856873865511e-39,0.00011743425330802847,8.16710152871521e-06,8.167101528715216e-06,False
124,127.50746822951103,-14.608632304531024,10,3,337.57008427079694,21,1.9042918136190317e-33,1.5606465834275945e-05,1.5606465834275714e-05,2.9207587276298273e-73,1.9042918136190317e-33,0.0001730437562764242,1.2034528994813872e-05,1.2034528994813886e-05,False
125,155.92743121781905,-76.90795531208647,10,4,311.57820068726795,23,1.3319098823096381e-28,1.8646796384961704e-05,1.8646796384902967e-05,3.489758274671494e-73,1.3319098823096381e-28,0.00020675479786645256,1.4379002532505129e-05,1.4379002532505141e-05,False
126,331.0130816141345,-33.51755253464787,10,3,479.1667456024538,29,1.18347389681737e-66,3.889033671693912e-06,3.889033671693912e-06,7.278348063723183e-74,1.18347389681737e-66,4.312142172235952e-05,2.99892935279539e-06,2.9989293527953935e-06,False
127,203.98271666522453,90.01311508934165,10,3,467.129797004148,25,2.206975459800529e-63,4.9945118882369474e-06,4.9945118882369474e-06,9.347256670873308e-74,2.206975459800529e-63,5.537891198977369e-05,3.851390748693465e-06,3.851390748693473e-06,False
128,173.3230661687009,-90.22422372052807,10,2,316.6573827232202,24,1.615263211842109e-29,1.5017558498264334e-05,1.5017558498246147e-05,2.810544393408435e-73,1.615263211842109e-29,0.00016651397954129836,1.1580408088391798e-05,1.1580408088391807e-05,False
129,352.79439991425266,-131.73677801982984,10,3,456.95434702484516,32,1.1059544416854981e-60,2.3559558282263148e-06,2.3559558282263148e-06,4.409184385672748e-74,1.1059544416854981e-60,2.612272698167412e-05,1.8167353856002692e-06,1.816735385600272e-06,False
130,192.63049137123556,-102.96086408585319,10,2,325.05986639477175,25,4.570840306873818e-31,1.1771000237207975e-05,1.1771000237205415e-05,2.2029492161026496e-73,4.570840306873818e-31,0.00013051629483618122,9.076907299632955e-06,9.07690729963296e-06,False
131,354.12352344571934,79.15593113184852,10,2,563.6653366833465,31,5.9058091641042846e-92,2.546924503408029e-06,2.546924503408029e-06,4.766583319335163e-74,5.9058091641042846e-92,2.8240178635077837e-05,1.9639960199412016e-06,1.9639960199412067e-06,True
132,157.55096357287258,-319.6896316096125,10,2,239.39493621221786,17,3.501110294403721e-17,4.7958807819953905e-05,4.7958839300250106e-05,8.975523346583654e-73,3.501110294403721e-17,0.0005317649966257718,3.6982238531473686e-05,3.698223853147372e-05,False
133,92.44683094056417,-298.82982552575606,10,2,172.11675788608864,15,3.1175025616538946e-09,0.00014411081193794613,0.0001450142193990501,2.7139491505500034e-72,3.1175025616538946e-09,0.0015978938782551418,0.00011182402515406918,0.00011182402515406933,False
134,42.081761714994805,-219.49738550384197,10,3,136.00489636050025,10,4.883536626657383e-06,0.00155565819400662,0.00170520050168772,3.1912921865530817e-71,4.883536626657383e-06,0.017249064601280565,0.0013149219751253445,0.0013149219751253465,False
135,128.41261505737845,-302.95624272352035,10,2,208.31511151148197,16,3.464520889681461e-13,7.544387074200656e-05,7.544982823216459e-05,1.4120477156543452e-72,3.464520889681461e-13,0.0008365180765370586,5.8181215090959825e-05,5.818121509095989e-05,False
136,131.1993774190949,-224.59164859625858,10,2,217.66999532568767,15,2.485369830836033e-14,8.010594639158788e-05,8.010774606158953e-05,1.4992209059034539e-72,2.485369830836033e-14,0.0008882109512093358,6.177304989641348e-05,6.177304989641352e-05,False
137,171.43707771789565,-338.9899977163141,10,3,256.7162002372608,18,1.1933305692573445e-19,3.3625522629346644e-05,3.362552358737614e-05,6.293035369561575e-73,1.1933305692573445e-19,0.0003728382072102875,2.5929466855290512e-05,2.592946685529051e-05,False
138,114.44056012620368,72.28748424560366,10,2,403.3801160198375,21,1.8983623662413982e-47,6.928168411932202e-06,6.928168411932202e-06,1.296610556837154e-73,1.8983623662413982e-47,7.68192042226092e-05,5.3424807717346434e-06,5.3424807717346485e-06,False
139,182.09239426964336,-359.83521966802147,10,2,272.34085911866055,19,5.048833896551355e-22,2.5275649445177e-05,2.527564947307635e-05,4.730351802831868e-73,5.048833896551355e-22,0.0002802552076020654,1.949067390891489e-05,1.9490673908914934e-05,False
140,99.6481926833594,-145.51514864302882,10,2,224.54517038401784,12,3.3297141160336585e-15,6.272933621002446e-05,6.272962227020302e-05,1.1739883563146309e-72,3.3297141160336585e-15,0.0006955399179914941,4.837235195084869e-05,4.837235195084876e-05,False
141,226.56440820930607,84.91587551105465,10,2,477.20896718109185,26,4.0811785958755707e-66,6.113360771408337e-06,6.113360771408337e-06,1.1441188554698424e-73,4.0811785958755707e-66,6.778465557743725e-05,4.714162593922453e-06,4.714162593922462e-06,False
142,390.62916000339624,76.64085274265084,10,2,590.6369788919037,32,6.787732787158198e-101,1.913679935521767e-06,1.913679935521767e-06,3.581462602051501e-74,6.787732787158198e-101,2.1218792766406963e-05,1.4756855854097389e-06,1.4756855854097431e-06,True
143,373.7745653016126,-120.21735813792733,10,2,480.57030131731995,33,4.857050243241532e-67,1.8783967265508694e-06,1.8783967265508694e-06,3.5154298809762347e-74,4.857050243241532e-67,2.082757421131291e-05,1.4484778366535933e-06,1.4484778366535963e-06,False
144,352.0295038523729,-24.312919382060223,10,2,501.9204424565888,30,4.6057391015378683e-73,2.9315818284550716e-06,2.9315818284550716e-06,5.486471634350354e-74,4.6057391015378683e-73,3.2505240892747517e-05,2.2606147278859153e-06,2.2606147278859196e-06,True
145,186.87154945213138,-321.4209097948913,10,3,268.63574634145766,19,1.8998628292927373e-21,3.209220219595325e-05,3.2092202294732374e-05,6.006073440108334e-73,1.8998628292927373e-21,0.0003558368226439593,2.474708515845817e-05,2.4747085158458192e-05,False
146,91.07912963596226,-321.6236223957773,10,2,174.51167668677132,16,1.8006986518099646e-09,0.00012587982701964734,0.00012644382285163195,2.3664031502743064e-72,1.8006986518099646e-09,0.0013957495782975834,9.750393641211558e-05,9.75039364121157e-05,False
147,-65.67779364148676,-263.83145667095476,10,3,22.248528770268575,1,0.72088852503657,0.07022674383502653,1.078212919841735,2.0178814533105615e-68,0.72088852503657,0.7786708197307253,0.8314364561591009,0.8314364561591028,False
148,222.2392234872758,-306.95113348361156,10,2,302.11302752383517,20,6.199616867413457e-27,1.4622442363291603e-05,1.4622442363344184e-05,2.736598189847876e-73,6.199616867413457e-27,0.00016213295049300865,1.1275724335369816e-05,1.1275724335369827e-05,False
149,374.4173225532802,-33.6891050497081,10,3,516.6980128802755,31,2.1933745360222043e-77,2.2892647292200796e-06,2.2892647292200796e-06,4.284371624381287e-74,2.1933745360222043e-77,2.5383259224861693e-05,1.7653082416709987e-06,1.765308241671003e-06,True
150,159.2923654967625,-198.05754443486788,10,3,252.40598222582727,15,5.091688065993706e-19,4.618095695012706e-05,4.6180960994181606e-05,8.642792436571422e-73,5.091688065993706e-19,0.0005120522701263184,3.561127291691148e-05,3.561127291691149e-05,False
151,164.56874195575938,-170.63750683974172,10,2,267.5680469211777,16,2.7740186544510475e-21,3.643354506116062e-05,3.6433545259841416e-05,6.818558181344765e-73,2.7740186544510475e-21,0.0004039734273472106,2.809480131308497e-05,2.8094801313085024e-05,False
152,198.6305925048265,-377.08839918863646,10,2,293.3670900393277,20,1.939915028473184e-25,1.821949684562324e-05,1.8219496845605764e-05,3.4097889291471876e-73,1.939915028473184e-25,0.0002020169207501667,1.4049501366145676e-05,1.4049501366145695e-05,False
153,-16.132616970237567,-293.1609404545942,10,2,63.71534742520706,7,0.06828513773091313,0.0054754256730769925,0.1110377599140317,2.0780778288259044e-69,0.06828513773091313,0.06071126132866515,0.0856239430114776,0.08562394301147766,False
154,236.40633203619817,-74.63415475791058,10,3,377.1997743370125,26,1.4004388695106658e-41,1.1743386499491367e-05,1.1743386499491367e-05,2.1977812897901052e-73,1.4004388695106658e-41,0.00013021011501622358,9.05561366847368e-06,9.055613668473688e-06,False
155,12.171101338862762,-144.41840688008216,10,1,164.76804946178729,10,1.6019995426580694e-08,0.00013288933949391602,0.00013235460283179544,2.477023725089178e-72,1.6019995426580694e-08,0.0014734707216425384,0.00010206188398388523,0.0001020618839838854,False
156,257.3634881344778,4.410169370949763,10,2,441.5054828294992,26,1.069669183995762e-56,6.126635211596683e-06,6.126635211596683e-06,1.1466031743057795e-73,1.069669183995762e-56,6.793184194346339e-05,4.7243988406828e-06,4.724398840682806e-06,False
157,457.0416188432567,-108.96176279735546,10,3,563.0434324988574,36,9.385936353830484e-92,9.70671166462023e-07,9.70671166462023e-07,1.816616466026534e-74,9.385936353830484e-92,1.0762756061330878e-05,7.48508369624682e-07,7.485083696246832e-07,True
158,213.22905322644297,-395.68226000070865,10,1,313.4775332134896,21,6.075600714177281e-29,1.1966850779293123e-05,1.1966850779282572e-05,2.2396027535631645e-73,6.075600714177281e-29,0.000132687876399302,9.227932461402832e-06,9.227932461402834e-06,False
159,106.02429045545388,-337.6881302297764,10,2,193.11731542201156,17,1.9562888521354018e-11,0.00010757932513053902,0.00010763239508647402,2.0143462374043012e-72,1.9562888521354018e-11,0.0011928344774500875,8.299798258005465e-05,8.299798258005472e-05,False
160,411.3325168591833,86.16479385053786,10,2,612.8923595775715,33,1.3828123314794181e-108,1.6377561721355967e-06,1.6377561721355967e-06,3.0650697501217218e-74,1.3828123314794181e-108,1.815936310633586e-05,1.2629139966278553e-06,1.2629139966278576e-06,True
161,273.4894873884805,71.85813252989738,10,1,499.1844335919664,27,2.816931549252833e-72,4.058681584458294e-06,4.058681584458294e-06,7.595845072394103e-74,2.816931549252833e-72,4.500246976878712e-05,3.129749023741561e-06,3.1297490237415633e-06,False
162,205.0844603701358,-335.3218665804162,10,3,288.9123299183576,20,1.0779318972784129e-24,2.866992993074603e-05,2.8669929932102754e-05,5.365593271335982e-73,1.0779318972784129e-24,0.00031789082935754535,2.210808691160572e-05,2.2108086911605722e-05,False
163,370.63497320602085,28.930986991245337,10,3,546.4017478423503,31,1.8788659576948806e-86,2.8562562197205135e-06,2.8562562197205135e-06,5.345499340262925e-74,1.8788659576948806e-86,3.1670034099765045e-05,2.2025293014995567e-06,2.20252930149956e-06,True
164,466.79323519549206,-128.72879653496574,10,2,566.6767937587898,37,6.221172450214935e-93,7.00826053880109e-07,7.00826053880109e-07,1.3115998427556223e-74,6.221172450214935e-93,7.770726194360337e-06,5.404241777288063e-07,5.404241777288073e-07,True
165,183.1906551361601,-185.72600571206914,10,1,279.06625924265444,17,4.3487373434232267e-23,2.4948632735436378e-05,2.494863275297171e-05,4.6691504424810204e-73,4.3487373434232267e-23,0.0002766292617652833,1.9238503286707466e-05,1.923850328670746e-05,False
166,135.4982608386706,-66.15991157498453,10,2,304.01691422967247,23,2.8907340824210022e-27,1.5662578814982902e-05,1.566257881473107e-05,2.931260303011385e-73,2.8907340824210022e-27,0.00017366593435700365,1.2077799091801e-05,1.2077799091801026e-05,False
167,280.47832429619496,-99.14454892162776,10,1,403.0556742878467,28,2.256867224569324e-47,6.536582406080796e-06,6.536582406080796e-06,1.2233250188842695e-73,2.256867224569324e-47,7.247731707933382e-05,5.040519187899811e-06,5.040519187899812e-06,False
168,494.3757541117046,-104.95646830958111,10,1,599.8535580077281,38,4.7994049879049046e-104,5.927821391702238e-07,5.927821391702238e-07,1.1093950577599562e-74,4.7994049879049046e-104,6.57274036959109e-06,4.5710886226298064e-07,4.5710886226298086e-07,True
169,-78.823475231271,-281.78105521748154,10,2,0.0,0,1.0,0.02907545845835165,1.2968073649580405,2.426982168465827e-68,1.0,0.32238731052370423,1.0,1.0,False
170,43.39331820016785,-241.6389620677879,10,2,128.64032120257502,11,1.7715933802630492e-05,0.000668723996436601,0.0008731179789024269,1.6340451350163923e-71,1.7715933802630492e-05,0.007414780097196827,0.0006732827114462582,0.0006732827114462587,False
171,373.5123527890593,-142.44106581050397,10,2,473.31103299920494,33,4.727658650865658e-65,1.395099035403266e-06,1.395099035403266e-06,2.6109355742879824e-74,4.727658650865658e-65,1.546879223184469e-05,1.0757951204637135e-06,1.075795120463715e-06,False
172,38.63005296370037,-264.5761450530888,10,2,118.70695101472263,12,8.992014361435272e-05,0.0011035002351503333,0.0017971326601962888,3.36334373055098e-71,8.992014361435272e-05,0.012235558503126681,0.0013858131197877928,0.001385813119787797,False
173,218.6908754172313,109.76209476311655,10,1,491.7528110123307,26,3.667161412086505e-70,4.073987231598391e-06,4.073987231598391e-06,7.624489675817568e-74,3.667161412086505e-70,4.517217806158631e-05,3.141551584055207e-06,3.1415515840552103e-06,False
174,435.2778013284622,82.93005529768119,10,2,630.3287370043909,34,8.249347954371214e-115,1.3609713100211937e-06,1.3609713100211937e-06,2.5470653471511475e-74,8.249347954371214e-115,1.5090385624224799e-05,1.049478393473829e-06,1.0494783934738297e-06,True
175,117.52140051783437,-159.2484777195021,10,2,231.44230983385464,13,4.1625446884952505e-16,6.084912185806654e-05,6.0849248019636864e-05,1.1387970480333573e-72,4.1625446884952505e-16,0.000674692190035491,4.69223491968722e-05,4.692234919687224e-05,False
176,-72.86792160942724,-303.5693766713791,10,2,22.58759771912516,1,0.7136789766891175,0.013607587550161792,0.7563011774762943,1.415421843925191e-68,0.7136789766891175,0.15088028824365457,0.5832024076303463,0.5832024076303471,False
177,125.31184209033682,-349.5299291840133,10,1,215.0840247478332,18,5.2086209898783646e-14,5.465254877110804e-05,5.465414250533183e-05,1.0228553050940024e-72,5.2086209898783646e-14,0.0006059848802322883,4.2145151224600134e-05,4.214515122460014e-05,False
178,459.30478898911156,81.38265354747578,10,2,649.2071380667041,35,9.560029901718575e-122,1.1731742730255897e-06,1.1731742730255897e-06,2.19560215192647e-74,9.560029901718575e-122,1.3008100945272718e-05,9.046634872123424e-07,9.046634872123433e-07,True
179,220.16846689358553,-353.5225935466809,10,3,307.47850295172435,21,7.132018694648882e-28,1.9941823488131412e-05,1.9941823488127322e-05,3.732123314548267e-73,7.132018694648882e-28,0.00022111399723881062,1.537762972897101e-05,1.5377629728971028e-05,False
180,213.84351513079895,-114.26966361063936,10,1,337.2151146755625,26,2.2310581045427073e-33,9.531308788668078e-06,9.531308788667935e-06,1.783789720610291e-73,2.2310581045427073e-33,0.0001056827018067886,7.349826231883199e-06,7.349826231883202e-06,False
181,270.6903696442138,-123.24522649635176,10,2,383.7884010075602,28,5.0885986136969065e-43,4.278197929925638e-06,4.278197929925638e-06,8.00667112916413e-74,5.0885986136969065e-43,4.743645664237609e-05,3.299023467578828e-06,3.299023467578834e-06,False
182,35.56159574999487,-287.27243090271725,10,1,114.51680955346961,13,0.00017157687846594503,0.0010372928074076865,0.0020196595882085154,3.779804109233838e-71,0.00017157687846594503,0.011501453670447305,0.00155740909774511,0.0015574090977451118,False
183,233.32154275680566,-4.585951849254979,10,2,417.4585459492937,25,9.124127973917638e-51,8.231440556747028e-06,8.231440556747028e-06,1.5405186608157398e-73,9.124127973917638e-51,9.126982422742033e-05,6.347465922213793e-06,6.347465922213804e-06,False
184,249.63741644353436,86.19971345077118,10,2,493.2508524772018,27,1.382412620952235e-70,5.485773102904417e-06,5.485773102904417e-06,1.0266654755950818e-73,1.382412620952235e-70,6.08259931420147e-05,4.2302143334001764e-06,4.230214333400191e-06,False
185,53.574226447919955,-25.737450832615753,10,1,288.2489874333051,19,1.3884277331996422e-24,1.702121793437806e-05,1.702121792634533e-05,3.185530365502487e-73,1.3884277331996422e-24,0.00018873046076168653,1.312547906982011e-05,1.3125479069820125e-05,False
186,21.170316319794722,-104.69240756764738,10,2,203.3694851131927,11,1.3312658056994084e-12,5.635620897094901e-05,5.634885911638145e-05,1.0545720203653831e-72,1.3312658056994084e-12,0.0006248749840860159,4.3451988814240484e-05,4.345198881424052e-05,False
187,482.483998593032,78.58675070176633,10,2,667.0315102857386,36,1.7534970220021493e-128,1.0082741227454575e-06,1.0082741227454575e-06,1.8869906070497445e-74,1.7534970220021493e-128,1.1179695865094307e-05,7.775049324909418e-07,7.775049324909427e-07,True
188,-18.49517707101326,-317.2776364667228,10,1,69.99650590777331,8,0.039189516293280394,0.0010299296647421068,0.038305610252031275,7.168916181848609e-70,0.039189516293280394,0.011419811492238531,0.02953839659390791,0.02953839659390786,False
189,489.5071299903688,-133.60279467603357,10,1,587.3299530320966,38,8.918372240838524e-100,6.478968602105456e-07,6.478968602105456e-07,1.2125425635494226e-74,8.918372240838524e-100,7.183849794121928e-06,4.996091769046276e-07,4.996091769046287e-07,True
190,235.22128380638745,-369.03728269788957,10,1,325.94134428319103,22,3.127695958321234e-31,1.3302510396747565e-05,1.330251039674706e-05,2.4895721909923784e-73,3.127695958321234e-31,0.00014749760717149457,1.0257892387260984e-05,1.0257892387260994e-05,False
191,228.99224290050165,-329.70775334602587,10,3,311.5244528483816,21,1.361730532224268e-28,1.2760684948988424e-05,1.2760684948980999e-05,2.3881692582451703e-73,1.361730532224268e-28,0.00014148987219023596,9.840077480893921e-06,9.840077480893931e-06,False
192,137.92974057221468,71.61043070389233,10,1,414.569052008069,22,4.472065711025757e-50,7.244631022708133e-06,7.244631022708133e-06,1.3558367097796293e-73,4.472065711025757e-50,8.032812670840605e-05,5.586512861100647e-06,5.586512861100653e-06,False
193,390.6710664999823,42.08504963898109,10,2,570.3633741662737,32,3.89273529089739e-94,2.123181064726376e-06,2.123181064726376e-06,3.9735451260966056e-74,3.89273529089739e-94,2.354173139496546e-05,1.6372370500803514e-06,1.6372370500803518e-06,True
194,397.85333068022453,-32.60478628453957,10,1,537.8750694104788,32,8.48313308356686e-84,1.7096742935739941e-06,1.7096742935739941e-06,3.1996649128552368e-74,8.48313308356686e-84,1.89567878410706e-05,1.3183718258951378e-06,1.3183718258951393e-06,True
195,290.67133915443287,-136.00751624229562,10,1,397.21070293142384,29,4.972770215520219e-46,3.0030026470638267e-06,3.0030026470638267e-06,5.620136092082892e-74,4.972770215520219e-46,3.329715155718845e-05,2.3156890747308426e-06,2.3156890747308455e-06,False
196,495.53452915462515,97.69412937442861,10,1,688.3956223881827,37,8.494553802030904e-137,8.036306502715872e-07,8.036306502715872e-07,1.5039992144899998e-74,8.494553802030904e-137,8.910618705001163e-06,6.196993261968322e-07,6.196993261968323e-07,True
197,391.71623485870384,17.49184352877065,10,2,557.6485333034976,32,5.111081202509568e-90,1.8192178081555679e-06,1.8192178081555679e-06,3.4046762073192816e-74,5.111081202509568e-90,2.017140115841018e-05,1.4028435196421254e-06,1.4028435196421267e-06,True
198,484.900710211644,-68.9638234397672,10,1,602.5579900680161,38,5.590674590045432e-105,7.957000625342113e-07,7.957000625342113e-07,1.4891570756001676e-74,5.590674590045432e-105,8.822684722629495e-06,6.135838552705606e-07,6.135838552705608e-07,True
199,0.8801188128868027,-178.44505066735692,10,4,130.5028457158666,7,1.2875806286050061e-05,0.000800690406522128,0.0008333824080452668,1.5596797940027292e-71,1.2875806286050061e-05,0.008878017421137314,0.0006426416371195052,0.0006426416371195066,False
