particle_id,E_inc_x_real,E_inc_x_imag,E_inc_y_real,E_inc_y_imag,E_inc_z_real,E_inc_z_imag,E_scat_x_real,E_scat_x_imag,E_scat_y_real,E_scat_y_imag,E_scat_z_real,E_scat_z_imag,E_total_x_real,E_total_x_imag,E_total_y_real,E_total_y_imag,E_total_z_real,E_total_z_imag
0,2.0089858027919447e-41,0.0,0.0,0.0,0.0,0.0,0.00454440435314358,-0.0005573981332641812,-0.005503176286636763,-0.0046004277063700265,0.0,0.0,0.00454440435314358,-0.0005573981332641812,-0.005503176286636763,-0.0046004277063700265,0.0,0.0
1,7.199149655509618e-37,0.0,0.0,0.0,0.0,0.0,0.006778504864534546,-0.0049342164175917485,-0.009578609506698798,-0.00251702643942658,0.0,0.0,0.006778504864534546,-0.0049342164175917485,-0.009578609506698798,-0.00251702643942658,0.0,0.0
2,1.8709129772322522e-34,0.0,0.0,0.0,0.0,0.0,0.0030291557913744286,-0.005417976071360488,-0.011079490442773815,-0.002182477427731896,0.0,0.0,0.0030291557913744286,-0.005417976071360488,-0.011079490442773815,-0.002182477427731896,0.0,0.0
3,2.2859979028192916e-30,0.0,0.0,0.0,0.0,0.0,0.001700501726089171,-0.005340921424040364,-0.009448258801257487,0.0021649973094627533,0.0,0.0,0.001700501726089171,-0.005340921424040364,-0.009448258801257487,0.0021649973094627533,0.0,0.0
4,1.1749007138184992e-45,0.0,0.0,0.0,0.0,0.0,0.005259650525778213,0.0007608191634844826,-0.0026188081680978614,-0.004323302514637406,0.0,0.0,0.005259650525778213,0.0007608191634844826,-0.0026188081680978614,-0.004323302514637406,0.0,0.0
5,1.1705843827535764e-31,0.0,0.0,0.0,0.0,0.0,0.0013418751359811235,-0.0031128603072733334,-0.013837357958935866,-3.9489659028080494e-05,0.0,0.0,0.0013418751359811235,-0.0031128603072733334,-0.013837357958935866,-3.9489659028080494e-05,0.0,0.0
6,3.649651835869994e-48,0.0,0.0,0.0,0.0,0.0,0.004572568617198858,0.0015174215927983164,-0.003408737989377708,-0.00824440277730147,0.0,0.0,0.004572568617198858,0.0015174215927983164,-0.003408737989377708,-0.00824440277730147,0.0,0.0
7,3.8738955706669133e-25,0.0,0.0,0.0,0.0,0.0,-0.0038406897068391766,-0.00335667993896567,-0.009888373978364628,0.0067070657469293395,0.0,0.0,-0.0038406897068391766,-0.00335667993896567,-0.009888373978364628,0.0067070657469293395,0.0,0.0
8,5.753079317252384e-53,0.0,0.0,0.0,0.0,0.0,0.002177776817875929,0.0009857643333122665,-0.0006237286961585431,-0.006678550229757786,0.0,0.0,0.002177776817875929,0.0009857643333122665,-0.0006237286961585431,-0.006678550229757786,0.0,0.0
9,6.914047781773293e-21,0.0,0.0,0.0,0.0,0.0,-0.006414113985703586,-0.0006323006531042582,-0.011251791135161145,0.016460233620895468,0.0,0.0,-0.006414113985703586,-0.0006323006531042582,-0.011251791135161145,0.016460233620895468,0.0,0.0
10,4.692539503006899e-46,0.0,0.0,0.0,0.0,0.0,0.00401710923893186,-0.0005499297639610062,-0.0027318384689702644,-0.007880227253395366,0.0,0.0,0.00401710923893186,-0.0005499297639610062,-0.0027318384689702644,-0.007880227253395366,0.0,0.0
11,1.3067620335990275e-52,0.0,0.0,0.0,0.0,0.0,0.0038972753735664776,-6.387214385473976e-06,0.0006588590531246443,-0.005435185321036608,0.0,0.0,0.0038972753735664776,-6.387214385473976e-06,0.0006588590531246443,-0.005435185321036608,0.0,0.0
12,5.7028696546057724e-58,0.0,0.0,0.0,0.0,0.0,0.0019137844996211775,0.0022633916327923624,0.001143288294243911,-0.004634001103997131,0.0,0.0,0.0019137844996211775,0.0022633916327923624,0.001143288294243911,-0.004634001103997131,0.0,0.0
13,1.0322797708237221e-17,0.0,0.0,0.0,0.0,0.0,-0.00814282359000082,0.006142354857495573,-0.011528711459118731,0.02427962697518184,0.0,0.0,-0.008142823590000809,0.006142354857495573,-0.011528711459118731,0.02427962697518184,0.0,0.0
14,6.708202467584464e-63,0.0,0.0,0.0,0.0,0.0,0.0017797325734327124,0.002303579467234984,0.0028182340455076777,-0.0038348392853267362,0.0,0.0,0.0017797325734327124,0.002303579467234984,0.0028182340455076777,-0.0038348392853267362,0.0,0.0
15,7.366630868167298e-70,0.0,0.0,0.0,0.0,0.0,0.0015284331344841628,0.0019111325411041785,0.0039474701577289885,-0.0012595137741974812,0.0,0.0,0.0015284331344841628,0.0019111325411041785,0.0039474701577289885,-0.0012595137741974812,0.0,0.0
16,4.055340771534343e-58,0.0,0.0,0.0,0.0,0.0,0.0035139657002989147,0.001460975102837483,0.002285501493012744,-0.003932335240958931,0.0,0.0,0.0035139657002989147,0.001460975102837483,0.002285501493012744,-0.003932335240958931,0.0,0.0
17,2.838296230882277e-28,0.0,0.0,0.0,0.0,0.0,-0.006545530788833062,-0.001592704139756546,-0.01610733407859425,0.0012324462837833069,0.0,0.0,-0.006545530788833062,-0.001592704139756546,-0.01610733407859425,0.0012324462837833069,0.0,0.0
18,7.889921584318976e-65,0.0,0.0,0.0,0.0,0.0,0.003064379201649237,0.0026362852109019187,0.0034998015655545948,-0.0017791658333520565,0.0,0.0,0.003064379201649237,0.0026362852109019187,0.0034998015655545948,-0.0017791658333520565,0.0,0.0
19,7.025179532494693e-15,0.0,0.0,0.0,0.0,0.0,-0.011178942749224003,0.013204960743216775,-0.005158081540935888,0.020900141774054314,0.0,0.0,-0.011178942749216977,0.013204960743216775,-0.005158081540935888,0.020900141774054314,0.0,0.0
20,2.9739545018898295e-24,0.0,0.0,0.0,0.0,0.0,-0.009575971966982472,0.00028239753958078537,-0.01363902648517102,0.003263225849543708,0.0,0.0,-0.009575971966982472,0.00028239753958078537,-0.01363902648517102,0.003263225849543708,0.0,0.0
21,1.3483326037020131e-11,0.0,0.0,0.0,0.0,0.0,-0.00996638152725468,0.020975919392481158,0.0067461848452164165,0.025960293219779242,0.0,0.0,-0.009966381513771355,0.020975919392481158,0.0067461848452164165,0.025960293219779242,0.0,0.0
22,1.2335161672539619e-76,0.0,0.0,0.0,0.0,0.0,0.000947864754125883,0.002459217507159992,0.003893117471838362,-0.00011032876030718558,0.0,0.0,0.000947864754125883,0.002459217507159992,0.003893117471838362,-0.00011032876030718558,0.0,0.0
23,1.1177092064173058e-82,0.0,0.0,0.0,0.0,0.0,3.828794020064871e-05,0.0028243246465469453,0.0030813361184201483,0.001131840959377669,0.0,0.0,3.828794020064871e-05,0.0028243246465469453,0.0030813361184201483,0.001131840959377669,0.0,0.0
24,1.0083467863949505e-22,0.0,0.0,0.0,0.0,0.0,-0.003726833653581328,-0.001459880634679418,-0.00920554038599857,0.0018240505456609962,0.0,0.0,-0.003726833653581328,-0.001459880634679418,-0.00920554038599857,0.0018240505456609962,0.0,0.0
25,3.561198420599389e-21,0.0,0.0,0.0,0.0,0.0,-0.006305031284851593,0.00010806770611246266,-0.01103254065513639,0.0007305873805190419,0.0,0.0,-0.006305031284851593,0.00010806770611246266,-0.01103254065513639,0.0007305873805190419,0.0,0.0
26,1.9632992232472425e-72,0.0,0.0,0.0,0.0,0.0,0.0025260275182510316,0.0028011430648801163,0.0053505599852685225,0.00014285457958072026,0.0,0.0,0.0025260275182510316,0.0028011430648801163,0.0053505599852685225,0.00014285457958072026,0.0,0.0
27,1.5265195915348573e-90,0.0,0.0,0.0,0.0,0.0,-0.0008464920474685945,0.0019527885798643655,0.002942293579964865,0.0029561446911826193,0.0,0.0,-0.0008464920474685945,0.0019527885798643655,0.002942293579964865,0.0029561446911826193,0.0,0.0
28,7.68726686535842e-18,0.0,0.0,0.0,0.0,0.0,-0.009158181953883078,0.0016889990935448815,-0.007098594210008944,0.0013091438555752556,0.0,0.0,-0.009158181953883071,0.0016889990935448815,-0.007098594210008944,0.0013091438555752556,0.0,0.0
29,3.538070333966986e-98,0.0,0.0,0.0,0.0,0.0,-0.002065883058410642,0.0008546935429358547,0.0017685461437748564,0.0034009254211991003,0.0,0.0,-0.002065883058410642,0.0008546935429358547,0.0017685461437748564,0.0034009254211991003,0.0,0.0
30,1.237390633211627e-40,0.0,0.0,0.0,0.0,0.0,0.004260070781569628,-0.0020009312364502414,-0.004642688295692516,-0.005677031189524609,0.0,0.0,0.004260070781569628,-0.0020009312364502414,-0.004642688295692516,-0.005677031189524609,0.0,0.0
31,1.8008573557289114e-39,0.0,0.0,0.0,0.0,0.0,0.0024316371737267855,-0.0011535253236462247,-0.006211044267524498,-0.00801498362504562,0.0,0.0,0.0024316371737267855,-0.0011535253236462247,-0.006211044267524498,-0.00801498362504562,0.0,0.0
32,5.124303550341998e-69,0.0,0.0,0.0,0.0,0.0,0.002701579298675676,0.002453484714121537,0.005838033037556922,-0.000965738529492736,0.0,0.0,0.002701579298675676,0.002453484714121537,0.005838033037556922,-0.000965738529492736,0.0,0.0
33,9.746712308348145e-107,0.0,0.0,0.0,0.0,0.0,-0.00160461371466576,0.0014026258516270128,-0.0006335964659600541,0.004483375256535027,0.0,0.0,-0.00160461371466576,0.0014026258516270128,-0.0006335964659600541,0.004483375256535027,0.0,0.0
34,2.8490187773448865e-74,0.0,0.0,0.0,0.0,0.0,0.0021704523851210395,0.0030390313246724874,0.0033060947006870603,0.001434453734030586,0.0,0.0,0.0021704523851210395,0.0030390313246724874,0.0033060947006870603,0.001434453734030586,0.0,0.0
35,4.2005843542708594e-81,0.0,0.0,0.0,0.0,0.0,0.000761992644133444,0.003460700891073963,0.003997379909563246,0.00259855586487868,0.0,0.0,0.000761992644133444,0.003460700891073963,0.003997379909563246,0.00259855586487868,0.0,0.0
36,2.32541682072989e-99,0.0,0.0,0.0,0.0,0.0,-0.0011774451911019245,0.0013191977955507419,0.000911245355023191,0.0037431078217769784,0.0,0.0,-0.0011774451911019245,0.0013191977955507419,0.000911245355023191,0.0037431078217769784,0.0,0.0
37,4.6643933572365764e-09,0.0,0.0,0.0,0.0,0.0,0.0025203094240281924,0.038293610981291214,0.018953842487625477,0.04630538515135231,0.0,0.0,0.0025203140884215497,0.038293610981291214,0.018953842487625477,0.04630538515135231,0.0,0.0
38,2.2625656469599433e-109,0.0,0.0,0.0,0.0,0.0,-0.0015101510890915969,0.0008263640237251324,-0.0013786689854478247,0.0032538580777095936,0.0,0.0,-0.0015101510890915969,0.0008263640237251324,-0.0013786689854478247,0.0032538580777095936,0.0,0.0
39,1.0954009486925076e-87,0.0,0.0,0.0,0.0,0.0,-0.00030960543393154815,0.0027280566548971695,0.0016148130860935326,0.0026839064348143306,0.0,0.0,-0.00030960543393154815,0.0027280566548971695,0.0016148130860935326,0.0026839064348143306,0.0,0.0
40,4.0018264779721026e-46,0.0,0.0,0.0,0.0,0.0,0.0038048580512557505,0.0005112508449241582,-0.0021545042921596795,-0.00729386138042183,0.0,0.0,0.0038048580512557505,0.0005112508449241582,-0.0021545042921596795,-0.00729386138042183,0.0,0.0
41,1.9820065814093907e-95,0.0,0.0,0.0,0.0,0.0,-0.0012295467695074558,0.0037470301494257397,-0.0002951501301472244,0.0028170214596895437,0.0,0.0,-0.0012295467695074558,0.0037470301494257397,-0.0002951501301472244,0.0028170214596895437,0.0,0.0
42,1.4998847086075022e-118,0.0,0.0,0.0,0.0,0.0,-0.0013028441778685654,0.0004675601821387165,-0.0031711623137672283,0.003358486405822133,0.0,0.0,-0.0013028441778685654,0.0004675601821387165,-0.0031711623137672283,0.003358486405822133,0.0,0.0
43,6.0387482390044945e-102,0.0,0.0,0.0,0.0,0.0,-0.000939470712919507,0.001047620412215407,-0.001465295854934095,0.0027109345370183125,0.0,0.0,-0.000939470712919507,0.001047620412215407,-0.001465295854934095,0.0027109345370183125,0.0,0.0
44,1.1447301136737658e-37,0.0,0.0,0.0,0.0,0.0,-0.0007426195699914224,-0.003123281900326902,-0.0067488807856474166,-0.009404411821737749,0.0,0.0,-0.0007426195699914224,-0.003123281900326902,-0.0067488807856474166,-0.009404411821737749,0.0,0.0
45,5.775933316478438e-45,0.0,0.0,0.0,0.0,0.0,0.0024702405300968512,-0.0017639370580615796,-0.0008295055079459689,-0.008734628193319242,0.0,0.0,0.0024702405300968512,-0.0017639370580615796,-0.0008295055079459689,-0.008734628193319242,0.0,0.0
46,8.301817849075033e-35,0.0,0.0,0.0,0.0,0.0,0.00896440758893948,-0.005842992626448413,-0.007767196162301675,-0.00020701683127935606,0.0,0.0,0.00896440758893948,-0.005842992626448413,-0.007767196162301675,-0.00020701683127935606,0.0,0.0
47,9.511257446133938e-07,0.0,0.0,0.0,0.0,0.0,0.007936628336443798,0.038700127638283864,0.03126095936555524,0.03031762052906795,0.0,0.0,0.007937579462188411,0.038700127638283864,0.03126095936555524,0.03031762052906795,0.0,0.0
48,5.169560328435493e-105,0.0,0.0,0.0,0.0,0.0,-0.0003162212519234904,0.0003227908186716645,-0.0027034101770236655,0.001931074184630672,0.0,0.0,-0.0003162212519234904,0.0003227908186716645,-0.0027034101770236655,0.001931074184630672,0.0,0.0
49,1.7191419604330669e-09,0.0,0.0,0.0,0.0,0.0,-0.013258128778280162,0.029540796198925887,0.01007205408222122,0.027362635547882517,0.0,0.0,-0.013258127059138201,0.029540796198925887,0.01007205408222122,0.027362635547882517,0.0,0.0
50,6.383831323574332e-36,0.0,0.0,0.0,0.0,0.0,-0.001408391807612393,-0.004847267875947954,-0.0038285110282931197,-0.005712468821101177,0.0,0.0,-0.001408391807612393,-0.004847267875947954,-0.0038285110282931197,-0.005712468821101177,0.0,0.0
51,7.803910125864871e-80,0.0,0.0,0.0,0.0,0.0,0.0016572579721787898,0.0032678056967146464,0.0036880450804463146,0.0014759851398594625,0.0,0.0,0.0016572579721787898,0.0032678056967146464,0.0036880450804463146,0.0014759851398594625,0.0,0.0
52,1.166934112457826e-49,0.0,0.0,0.0,0.0,0.0,0.002820991243610988,-0.0014664423365624527,0.001459624146392619,-0.004214269912832901,0.0,0.0,0.002820991243610988,-0.0014664423365624527,0.001459624146392619,-0.004214269912832901,0.0,0.0
53,2.8449523447816694e-38,0.0,0.0,0.0,0.0,0.0,-0.0005689226266063256,-0.004522888271879606,0.00011652655520576378,-0.004302828747690131,0.0,0.0,-0.0005689226266063256,-0.004522888271879606,0.00011652655520576378,-0.004302828747690131,0.0,0.0
54,1.1097119017175964e-112,0.0,0.0,0.0,0.0,0.0,-0.0012663177111549378,0.0006747145190702511,-0.002166138563161367,0.0006418495392822468,0.0,0.0,-0.0012663177111549378,0.0006747145190702511,-0.002166138563161367,0.0006418495392822468,0.0,0.0
55,1.327268724777842e-53,0.0,0.0,0.0,0.0,0.0,0.00233605713022774,-0.0006721380221370851,0.0023629714939898392,-0.001914766431986898,0.0,0.0,0.00233605713022774,-0.0006721380221370851,0.0023629714939898392,-0.001914766431986898,0.0,0.0
56,6.157028882850161e-79,0.0,0.0,0.0,0.0,0.0,0.0011167320341265,0.003243879818287505,0.0018390942954837131,0.0019171091599522083,0.0,0.0,0.0011167320341265,0.003243879818287505,0.0018390942954837131,0.0019171091599522083,0.0,0.0
57,6.255304222458175e-120,0.0,0.0,0.0,0.0,0.0,-0.0010122713194567633,0.000435401664096483,-0.0017044865866558622,-0.000276291129625764,0.0,0.0,-0.0010122713194567633,0.000435401664096483,-0.0017044865866558622,-0.000276291129625764,0.0,0.0
58,0.0001005621955787896,0.0,0.0,0.0,0.0,0.0,0.03638645249013377,0.03869113232832945,0.09295744066537041,0.053840890859157595,0.0,0.0,0.036487014685712554,0.03869113232832945,0.09295744066537041,0.053840890859157595,0.0,0.0
59,2.3369220257344924e-39,0.0,0.0,0.0,0.0,0.0,-0.000904274234563737,-0.0035603618113614894,0.001779402534638205,-0.004857424254570367,0.0,0.0,-0.000904274234563737,-0.0035603618113614894,0.001779402534638205,-0.004857424254570367,0.0,0.0
60,4.560423772893402e-51,0.0,0.0,0.0,0.0,0.0,0.004355864279490813,-0.0005167066165335846,0.001425206045488974,-0.005104314203840875,0.0,0.0,0.004355864279490813,-0.0005167066165335846,0.001425206045488974,-0.005104314203840875,0.0,0.0
61,1.2332117920019874e-07,0.0,0.0,0.0,0.0,0.0,-0.01151020989759824,0.01810623494458186,0.02160440697054977,0.027032199651405023,0.0,0.0,-0.011510086576419038,0.01810623494458186,0.02160440697054977,0.027032199651405023,0.0,0.0
62,0.0025571166157642464,0.0,0.0,0.0,0.0,0.0,0.08737791336045016,0.04766768190202644,0.11355632201496155,0.04727456861957146,0.0,0.0,0.0899350299762144,0.04766768190202644,0.11355632201496155,0.04727456861957146,0.0,0.0
63,6.053182276855972e-124,0.0,0.0,0.0,0.0,0.0,-0.0011260132896571751,-5.726855980745515e-05,-0.0013649323533697073,-0.0005924365389158172,0.0,0.0,-0.0011260132896571751,-5.726855980745515e-05,-0.0013649323533697073,-0.0005924365389158172,0.0,0.0
64,7.888423652706524e-56,0.0,0.0,0.0,0.0,0.0,0.0051182814675397575,-2.3229008370784667e-05,0.0025681186085701343,-0.0031359923515956564,0.0,0.0,0.0051182814675397575,-2.3229008370784667e-05,0.0025681186085701343,-0.0031359923515956564,0.0,0.0
65,4.067759098993624e-133,0.0,0.0,0.0,0.0,0.0,-0.001235011718468272,-0.0005270129322991112,-0.0013971460750028435,-0.0022411697601652826,0.0,0.0,-0.001235011718468272,-0.0005270129322991112,-0.0013971460750028435,-0.0022411697601652826,0.0,0.0
66,1.1649004656885983e-110,0.0,0.0,0.0,0.0,0.0,-0.0026586828727598287,0.0013229844128191093,-0.0031818967236690175,0.0017864438536159457,0.0,0.0,-0.0026586828727598287,0.0013229844128191093,-0.0031818967236690175,0.0017864438536159457,0.0,0.0
67,2.444177660156972e-14,0.0,0.0,0.0,0.0,0.0,-0.011607634984867334,0.0035679176813707652,0.0013790605417087045,0.021558546408392602,0.0,0.0,-0.011607634984842892,0.0035679176813707652,0.0013790605417087045,0.021558546408392602,0.0,0.0
68,8.276837763480134e-33,0.0,0.0,0.0,0.0,0.0,-0.003035587339686786,-0.0057601450096195755,-0.006117761475017936,-0.004350110805855359,0.0,0.0,-0.003035587339686786,-0.0057601450096195755,-0.006117761475017936,-0.004350110805855359,0.0,0.0
69,2.4323547881528366e-115,0.0,0.0,0.0,0.0,0.0,-0.0010623475807810918,-0.00010686772096017144,-0.001853362685449955,0.004474045991703776,0.0,0.0,-0.0010623475807810918,-0.00010686772096017144,-0.001853362685449955,0.004474045991703776,0.0,0.0
70,2.982141360481464e-106,0.0,0.0,0.0,0.0,0.0,0.00014623869969814207,0.00031485112213332044,-0.00265756360849243,0.0012880395614584925,0.0,0.0,0.00014623869969814207,0.00031485112213332044,-0.00265756360849243,0.0012880395614584925,0.0,0.0
71,6.124092260864212e-98,0.0,0.0,0.0,0.0,0.0,-0.0011701538155834215,0.000576937913460653,0.002734334663692686,0.003948919827966898,0.0,0.0,-0.0011701538155834215,0.000576937913460653,0.002734334663692686,0.003948919827966898,0.0,0.0
72,6.7624438703663586e-40,0.0,0.0,0.0,0.0,0.0,-0.0022635805869794636,-0.0048063380490427346,0.0021171692134185,-0.0018716791071261034,0.0,0.0,-0.0022635805869794636,-0.0048063380490427346,0.0021171692134185,-0.0018716791071261034,0.0,0.0
73,6.777145662072194e-112,0.0,0.0,0.0,0.0,0.0,-1.7371091842528088e-06,0.00019029885167626655,-0.002029717210945957,5.3967032864797865e-05,0.0,0.0,-1.7371091842528088e-06,0.00019029885167626655,-0.002029717210945957,5.3967032864797865e-05,0.0,0.0
74,1.490231169231471e-141,0.0,0.0,0.0,0.0,0.0,-0.0014144388929709262,-0.0010004650340879558,-0.00034724006755335095,-0.0023333219702327494,0.0,0.0,-0.0014144388929709262,-0.0010004650340879558,-0.00034724006755335095,-0.0023333219702327494,0.0,0.0
75,1.5874935461248425e-21,0.0,0.0,0.0,0.0,0.0,-0.008173571040365986,-0.0008918955514524118,-0.00656060880940849,-0.0033389179055446578,0.0,0.0,-0.008173571040365986,-0.0008918955514524118,-0.00656060880940849,-0.0033389179055446578,0.0,0.0
76,2.1783379524193385e-05,0.0,0.0,0.0,0.0,0.0,-0.013428143285700796,0.037775705515101815,0.031245908572843033,0.02427882277654953,0.0,0.0,-0.013406359906176602,0.037775705515101815,0.031245908572843033,0.02427882277654953,0.0,0.0
77,3.756940070748334e-148,0.0,0.0,0.0,0.0,0.0,-0.001672982193758463,-0.00013039331901173234,0.0009020785121138597,-0.0013637676447796109,0.0,0.0,-0.001672982193758463,-0.00013039331901173234,0.0009020785121138597,-0.0013637676447796109,0.0,0.0
78,7.594909997432608e-32,0.0,0.0,0.0,0.0,0.0,0.009810582255966604,-0.008368558873847411,-0.009907261054314635,0.0017218326735738711,0.0,0.0,0.009810582255966604,-0.008368558873847411,-0.009907261054314635,0.0017218326735738711,0.0,0.0
79,5.267789628759454e-118,0.0,0.0,0.0,0.0,0.0,-0.00014128466882977069,0.00011338097176546453,-0.0016400316095694393,-0.0006467250278829704,0.0,0.0,-0.00014128466882977069,0.00011338097176546453,-0.0016400316095694393,-0.0006467250278829704,0.0,0.0
80,7.793779945908073e-33,0.0,0.0,0.0,0.0,0.0,0.009873898629341803,-0.0064848509719517625,-0.010055834038805507,0.0028441057750894666,0.0,0.0,0.009873898629341803,-0.0064848509719517625,-0.010055834038805507,0.0028441057750894666,0.0,0.0
81,6.333521286594358e-88,0.0,0.0,0.0,0.0,0.0,0.000421900102690307,0.0025854312219007265,0.0028882184996464515,0.0033307636522325627,0.0,0.0,0.000421900102690307,0.0025854312219007265,0.0028882184996464515,0.0033307636522325627,0.0,0.0
82,2.094157593557779e-17,0.0,0.0,0.0,0.0,0.0,-0.008197864968623039,0.00158077995176236,-0.010375695345814059,0.0001374606618479548,0.0,0.0,-0.008197864968623018,0.00158077995176236,-0.010375695345814059,0.0001374606618479548,0.0,0.0
83,5.804331684500235e-21,0.0,0.0,0.0,0.0,0.0,-0.005293533777456238,-0.000617716473919664,-0.005675444182912018,-0.0070327982343058645,0.0,0.0,-0.005293533777456238,-0.000617716473919664,-0.005675444182912018,-0.0070327982343058645,0.0,0.0
84,5.289504399957749e-119,0.0,0.0,0.0,0.0,0.0,-0.0036279715767717794,0.0006568978833532689,-0.003074465532698264,0.001007413502580868,0.0,0.0,-0.0036279715767717794,0.0006568978833532689,-0.003074465532698264,0.001007413502580868,0.0,0.0
85,3.504237041106134e-54,0.0,0.0,0.0,0.0,0.0,0.0015901500182333406,-0.0011865794260373327,0.0025088718825814166,-0.0010386860978050738,0.0,0.0,0.0015901500182333406,-0.0011865794260373327,0.0025088718825814166,-0.0010386860978050738,0.0,0.0
86,1.2855372951350808e-122,0.0,0.0,0.0,0.0,0.0,-0.0011674040335820947,-0.0006896646120307201,-0.002982917878177334,0.002899349094941203,0.0,0.0,-0.0011674040335820947,-0.0006896646120307201,-0.002982917878177334,0.002899349094941203,0.0,0.0
87,9.05568697243652e-32,0.0,0.0,0.0,0.0,0.0,0.008649360429366563,-0.007549381103627042,-0.005830162134036572,-0.0005275785359542292,0.0,0.0,0.008649360429366563,-0.007549381103627042,-0.005830162134036572,-0.0005275785359542292,0.0,0.0
88,2.733425942427533e-154,0.0,0.0,0.0,0.0,0.0,-0.0005332025052018675,-0.0005629459641782345,0.001733344420430254,-0.002030313654809928,0.0,0.0,-0.0005332025052018675,-0.0005629459641782345,0.001733344420430254,-0.002030313654809928,0.0,0.0
89,7.064223686804079e-13,0.0,0.0,0.0,0.0,0.0,-0.010133286554050708,0.012885841449609223,-0.002167194048655732,0.018669556166726355,0.0,0.0,-0.010133286553344285,0.012885841449609223,-0.002167194048655732,0.018669556166726355,0.0,0.0
90,0.0003373693144065477,0.0,0.0,0.0,0.0,0.0,-0.007862345410988611,0.046913204852132025,0.022988971912074278,0.02525817265239975,0.0,0.0,-0.007524976096582064,0.046913204852132025,0.022988971912074278,0.02525817265239975,0.0,0.0
91,1.5688851647469743e-132,0.0,0.0,0.0,0.0,0.0,-0.0014180598552477634,-0.0006656488568339531,-0.002435722246651827,0.0008803362018495375,0.0,0.0,-0.0014180598552477634,-0.0006656488568339531,-0.002435722246651827,0.0008803362018495375,0.0,0.0
92,3.037707879980742e-62,0.0,0.0,0.0,0.0,0.0,0.003443451990533416,0.0010749716577708231,0.004233257174154492,-0.0017399684266151826,0.0,0.0,0.003443451990533416,0.0010749716577708231,0.004233257174154492,-0.0017399684266151826,0.0,0.0
93,1.6208918674145123e-19,0.0,0.0,0.0,0.0,0.0,-0.004807094961551985,-1.5578779389762075e-05,-0.005537649219620549,-0.009358481635414018,0.0,0.0,-0.004807094961551985,-1.5578779389762075e-05,-0.005537649219620549,-0.009358481635414018,0.0,0.0
94,1.020574991647146e-141,0.0,0.0,0.0,0.0,0.0,-0.001007874942177306,-0.001234912068221463,-0.002386818231411201,-0.00043006363469614786,0.0,0.0,-0.001007874942177306,-0.001234912068221463,-0.002386818231411201,-0.00043006363469614786,0.0,0.0
95,1.845612351363883e-58,0.0,0.0,0.0,0.0,0.0,0.0013637113934210554,-0.00111496491880333,0.0025026060262388333,0.0012984634172655699,0.0,0.0,0.0013637113934210554,-0.00111496491880333,0.0025026060262388333,0.0012984634172655699,0.0,0.0
96,5.538339658419345e-103,0.0,0.0,0.0,0.0,0.0,-0.0013190010482478738,0.002057934127432015,-0.0020441273295352114,0.0051989373410412775,0.0,0.0,-0.0013190010482478738,0.002057934127432015,-0.0020441273295352114,0.0051989373410412775,0.0,0.0
97,2.577014744098494e-44,0.0,0.0,0.0,0.0,0.0,-0.0012036191303834234,-0.0038865953590538705,0.0033727650599810225,0.0003849904763965563,0.0,0.0,-0.0012036191303834234,-0.0038865953590538705,0.0033727650599810225,0.0003849904763965563,0.0,0.0
98,1.5274627634314203e-125,0.0,0.0,0.0,0.0,0.0,-0.000541403354419251,-0.0001808196602503866,-0.0012261992863223893,-0.0016487369158878554,0.0,0.0,-0.000541403354419251,-0.0001808196602503866,-0.0012261992863223893,-0.0016487369158878554,0.0,0.0
99,1.4320024140318612e-140,0.0,0.0,0.0,0.0,0.0,-0.0013137312255632437,-0.0018574502392806093,-0.0014006522963883599,-0.002230231945392504,0.0,0.0,-0.0013137312255632437,-0.0018574502392806093,-0.0014006522963883599,-0.002230231945392504,0.0,0.0
100,1.0932200551448228e-45,0.0,0.0,0.0,0.0,0.0,-0.0008234789471638576,-0.0026162593261429374,0.0044445839228041,0.0014592802268851431,0.0,0.0,-0.0008234789471638576,-0.0026162593261429374,0.0044445839228041,0.0014592802268851431,0.0,0.0
101,1.499003871480925e-152,0.0,0.0,0.0,0.0,0.0,-0.0011486987676371625,-0.0018119802415449185,-0.0020931234006247306,-0.0012919078633321962,0.0,0.0,-0.0011486987676371625,-0.0018119802415449185,-0.0020931234006247306,-0.0012919078633321962,0.0,0.0
102,4.7654420763233596e-163,0.0,0.0,0.0,0.0,0.0,0.0005577397846322261,-0.0015320576703157028,0.0015698532498536538,-0.0018536915588715898,0.0,0.0,0.0005577397846322261,-0.0015320576703157028,0.0015698532498536538,-0.0018536915588715898,0.0,0.0
103,2.87511534646185e-10,0.0,0.0,0.0,0.0,0.0,-0.004882564710402732,0.017959379304418478,0.0013304355587570977,0.015218982074603335,0.0,0.0,-0.004882564422891198,0.017959379304418478,0.0013304355587570977,0.015218982074603335,0.0,0.0
104,3.689598919908366e-60,0.0,0.0,0.0,0.0,0.0,0.0013477009256389948,-0.0011765015177703018,0.0020752914757897483,0.0013690002624931472,0.0,0.0,0.0013477009256389948,-0.0011765015177703018,0.0020752914757897483,0.0013690002624931472,0.0,0.0
105,2.3984113446903643e-18,0.0,0.0,0.0,0.0,0.0,-0.00571097825065544,0.0014515596768370524,-0.0039903341021392666,-0.010772948080051001,0.0,0.0,-0.005710978250655438,0.0014515596768370524,-0.0039903341021392666,-0.010772948080051001,0.0,0.0
106,6.296332383290122e-150,0.0,0.0,0.0,0.0,0.0,-0.0009234031070953927,-0.0018755819645810024,-0.00022698444974919528,-0.002659192002258791,0.0,0.0,-0.0009234031070953927,-0.0018755819645810024,-0.00022698444974919528,-0.002659192002258791,0.0,0.0
107,6.321114775440272e-29,0.0,0.0,0.0,0.0,0.0,-0.005965716500933597,-0.005384873948500825,-0.007473496010385934,-0.004713414530999392,0.0,0.0,-0.005965716500933597,-0.005384873948500825,-0.007473496010385934,-0.004713414530999392,0.0,0.0
108,5.0528261609182826e-157,0.0,0.0,0.0,0.0,0.0,-0.0009775912814824327,0.0001539082441001103,0.003041767364377631,-0.0021615938498682095,0.0,0.0,-0.0009775912814824327,0.0001539082441001103,0.003041767364377631,-0.0021615938498682095,0.0,0.0
109,0.03500244620694318,0.0,0.0,0.0,0.0,0.0,0.09113608516167446,0.048850815854028,0.22431805932640414,0.05074798646818379,0.0,0.0,0.12613853136861763,0.048850815854028,0.22431805932640414,0.05074798646818379,0.0,0.0
110,3.17392822729339e-67,0.0,0.0,0.0,0.0,0.0,0.003102686222564988,0.0020782765992265694,0.004752133945024016,0.0004448731781036743,0.0,0.0,0.003102686222564988,0.0020782765992265694,0.004752133945024016,0.0004448731781036743,0.0,0.0
111,0.1538048777142917,0.0,0.0,0.0,0.0,0.0,0.37609130231381777,0.05187752423936678,0.19042064903746422,0.03397956978991298,0.0,0.0,0.5298961800281095,0.05187752423936678,0.19042064903746422,0.03397956978991298,0.0,0.0
112,6.997168669791816e-107,0.0,0.0,0.0,0.0,0.0,-0.0013822797060198812,0.0006549200669744974,0.0008034645216886196,0.0031722204305917913,0.0,0.0,-0.0013822797060198812,0.0006549200669744974,0.0008034645216886196,0.0031722204305917913,0.0,0.0
113,3.460062702899152e-39,0.0,0.0,0.0,0.0,0.0,0.0032171591484187944,-0.002669815946571791,-0.00646563395633992,-0.004925775167874784,0.0,0.0,0.0032171591484187944,-0.002669815946571791,-0.00646563395633992,-0.004925775167874784,0.0,0.0
114,8.704429796295678e-129,0.0,0.0,0.0,0.0,0.0,-0.0021921002465134535,-8.711155976784636e-05,-0.003357931823010736,-0.00027572515246855486,0.0,0.0,-0.0021921002465134535,-8.711155976784636e-05,-0.003357931823010736,-0.00027572515246855486,0.0,0.0
115,8.809552647994904e-133,0.0,0.0,0.0,0.0,0.0,-0.0014410623474447868,-0.0006533781835184225,-0.0034282214400943064,-0.00041743128264711633,0.0,0.0,-0.0014410623474447868,-0.0006533781835184225,-0.0034282214400943064,-0.00041743128264711633,0.0,0.0
116,1.1485007782682955e-173,0.0,0.0,0.0,0.0,0.0,0.0010649923944891968,-0.0016732214265352844,0.0017312307302447644,-0.0007034082726693131,0.0,0.0,0.0010649923944891968,-0.0016732214265352844,0.0017312307302447644,-0.0007034082726693131,0.0,0.0
117,3.930258894585359e-163,0.0,0.0,0.0,0.0,0.0,-0.0008447399385380839,-0.00023812668536082911,0.0030232963460974896,-0.0014872508937217332,0.0,0.0,-0.0008447399385380839,-0.00023812668536082911,0.0030232963460974896,-0.0014872508937217332,0.0,0.0
118,1.2100535718312224e-138,0.0,0.0,0.0,0.0,0.0,-0.002487110231021181,-0.000650705609918803,-0.002383750113918686,-0.0007540204203157847,0.0,0.0,-0.002487110231021181,-0.000650705609918803,-0.002383750113918686,-0.0007540204203157847,0.0,0.0
119,2.1822343560582648e-15,0.0,0.0,0.0,0.0,0.0,-0.011188730259566444,0.005708378394083387,-0.0104280071669612,0.001184039045682823,0.0,0.0,-0.011188730259564262,0.005708378394083387,-0.0104280071669612,0.001184039045682823,0.0,0.0
120,1.025275258555616e-17,0.0,0.0,0.0,0.0,0.0,-0.005522833128135852,0.0020990145613610854,-0.0032287229560099863,-0.01095594634902657,0.0,0.0,-0.005522833128135842,0.0020990145613610854,-0.0032287229560099863,-0.01095594634902657,0.0,0.0
121,4.90963855461077e-164,0.0,0.0,0.0,0.0,0.0,-0.0006449654378685158,-0.001460476124691989,-0.0012415475923638697,-0.002081002370201279,0.0,0.0,-0.0006449654378685158,-0.001460476124691989,-0.0012415475923638697,-0.002081002370201279,0.0,0.0
122,0.004303141334247781,0.0,0.0,0.0,0.0,0.0,-0.0021655546824328564,0.036524401311806155,0.055125010650781556,0.04563184805595106,0.0,0.0,0.002137586651814925,0.036524401311806155,0.055125010650781556,0.04563184805595106,0.0,0.0
123,0.6054598027111809,0.0,0.0,0.0,0.0,0.0,0.4711528902813735,0.055283403271201965,0.22313958999330322,0.03274119881889232,0.0,0.0,1.0766126929925544,0.055283403271201965,0.22313958999330322,0.03274119881889232,0.0,0.0
124,2.471910766915216e-110,0.0,0.0,0.0,0.0,0.0,-0.0016183499162435477,0.0010752091333945829,-0.002455593737422223,0.004160320028561596,0.0,0.0,-0.0016183499162435477,0.0010752091333945829,-0.002455593737422223,0.004160320028561596,0.0,0.0
125,9.308283043115674e-28,0.0,0.0,0.0,0.0,0.0,0.0038167497827804047,-0.010798421972227424,-0.00819289046170953,0.004102965436579793,0.0,0.0,0.0038167497827804047,-0.010798421972227424,-0.00819289046170953,0.004102965436579793,0.0,0.0
126,2.669757522847241e-47,0.0,0.0,0.0,0.0,0.0,4.76664646068979e-05,-0.002322644801886011,0.0038747355309761986,0.0013681883496234053,0.0,0.0,4.76664646068979e-05,-0.002322644801886011,0.0038747355309761986,0.0013681883496234053,0.0,0.0
127,9.01847913216292e-19,0.0,0.0,0.0,0.0,0.0,-0.0026569863519813807,0.002584530813936729,-0.0004625748558040848,-0.014656027422914593,0.0,0.0,-0.00265698635198138,0.002584530813936729,-0.0004625748558040848,-0.014656027422914593,0.0,0.0
128,9.457402419441917e-28,0.0,0.0,0.0,0.0,0.0,0.007942375371845205,-0.015403906645674523,-0.00511756174290207,0.003224053798796517,0.0,0.0,0.007942375371845205,-0.015403906645674523,-0.00511756174290207,0.003224053798796517,0.0,0.0
129,1.6372900634149034e-147,0.0,0.0,0.0,0.0,0.0,-0.0014537814236746274,-0.0003558425026538347,-0.0010013616702686174,-0.0011335504852776456,0.0,0.0,-0.0014537814236746274,-0.0003558425026538347,-0.0010013616702686174,-0.0011335504852776456,0.0,0.0
130,4.812038174355702e-20,0.0,0.0,0.0,0.0,0.0,-0.009331030872091908,0.0017874538538951508,-0.008192397644419754,0.0073729838654545835,0.0,0.0,-0.009331030872091908,0.0017874538538951508,-0.008192397644419754,0.0073729838654545835,0.0,0.0
131,1.0329167625240464e-172,0.0,0.0,0.0,0.0,0.0,-0.00019178211613935043,-0.0006500404414079953,0.0018542644832260115,-9.826833062141528e-05,0.0,0.0,-0.00019178211613935043,-0.0006500404414079953,0.0018542644832260115,-9.826833062141528e-05,0.0,0.0
132,1.0532611311863256e-19,0.0,0.0,0.0,0.0,0.0,-0.002862426601868003,0.00146395687307751,0.0012674556103915106,-0.015364733326249776,0.0,0.0,-0.002862426601868003,0.00146395687307751,0.0012674556103915106,-0.015364733326249776,0.0,0.0
133,1.1906953155099943e-115,0.0,0.0,0.0,0.0,0.0,-0.0015990272720635562,-0.00014278872365913303,-0.0012481980491006656,0.0036212035697307096,0.0,0.0,-0.0015990272720635562,-0.00014278872365913303,-0.0012481980491006656,0.0036212035697307096,0.0,0.0
134,1.1516154730236274e-25,0.0,0.0,0.0,0.0,0.0,0.0055059391506717195,-0.013620523656414451,-0.008253985959877945,0.009055121073099744,0.0,0.0,0.0055059391506717195,-0.013620523656414451,-0.008253985959877945,0.009055121073099744,0.0,0.0
135,5.392713963308923e-184,0.0,0.0,0.0,0.0,0.0,5.472306717276451e-05,-0.0007250712088133324,0.0011797868958015104,0.0004943978811252632,0.0,0.0,5.472306717276451e-05,-0.0007250712088133324,0.0011797868958015104,0.0004943978811252632,0.0,0.0
136,1.4574994457655065e-42,0.0,0.0,0.0,0.0,0.0,0.00017322247817833138,-0.002797873843991921,0.00011987343145486791,-0.008497879279147972,0.0,0.0,0.00017322247817833138,-0.002797873843991921,0.00011987343145486791,-0.008497879279147972,0.0,0.0
137,4.8157372022032995e-21,0.0,0.0,0.0,0.0,0.0,-0.002264616384064775,-0.0007807378659596314,0.002263833783375897,-0.012923530805644796,0.0,0.0,-0.002264616384064775,-0.0007807378659596314,0.002263833783375897,-0.012923530805644796,0.0,0.0
138,3.301424348718478e-85,0.0,0.0,0.0,0.0,0.0,0.00044167271918080497,0.002469423935236846,0.0011274813285358839,0.002377309289449162,0.0,0.0,0.00044167271918080497,0.002469423935236846,0.0011274813285358839,0.002377309289449162,0.0,0.0
139,0.04666892953914479,0.0,0.0,0.0,0.0,0.0,-0.04019705572394422,0.029853996299279144,0.08023560146765678,0.032158296069489674,0.0,0.0,0.00647187381520057,0.029853996299279144,0.08023560146765678,0.032158296069489674,0.0,0.0
140,6.272741494306435e-124,0.0,0.0,0.0,0.0,0.0,-0.0008810312208082786,-0.0005551115183740864,-0.0019332022484874662,0.0037889185076093617,0.0,0.0,-0.0008810312208082786,-0.0005551115183740864,-0.0019332022484874662,0.0037889185076093617,0.0,0.0
141,1.1331613330513455e-24,0.0,0.0,0.0,0.0,0.0,0.007252352193511485,-0.019552127276876136,-0.0037951641562990915,0.006253915949127462,0.0,0.0,0.007252352193511485,-0.019552127276876136,-0.0037951641562990915,0.006253915949127462,0.0,0.0
142,8.100902162419053e-24,0.0,0.0,0.0,0.0,0.0,-0.0010250065644549083,-0.008225211935056884,-0.01140201140898717,0.011513689911662378,0.0,0.0,-0.0010250065644549083,-0.008225211935056884,-0.01140201140898717,0.011513689911662378,0.0,0.0
143,1.2862226296721089e-25,0.0,0.0,0.0,0.0,0.0,-0.007467928692911392,-0.003480911419242547,-0.007693550367204796,-0.004550998727123352,0.0,0.0,-0.007467928692911392,-0.003480911419242547,-0.007693550367204796,-0.004550998727123352,0.0,0.0
144,8.875618197213072e-32,0.0,0.0,0.0,0.0,0.0,-0.004229435215070197,-0.005575173276248399,-0.003035534943334229,-0.004510942684910857,0.0,0.0,-0.004229435215070197,-0.005575173276248399,-0.003035534943334229,-0.004510942684910857,0.0,0.0
145,2.3173565880155122e-68,0.0,0.0,0.0,0.0,0.0,0.0021570577084958457,0.001424311924454546,0.003159787050027494,0.0007813915516156078,0.0,0.0,0.0021570577084958457,0.001424311924454546,0.003159787050027494,0.0007813915516156078,0.0,0.0
146,2.9037000213538026e-21,0.0,0.0,0.0,0.0,0.0,-0.005736863081881665,0.0002418023703042357,-0.00021961899933735035,-0.005494147998336089,0.0,0.0,-0.005736863081881665,0.0002418023703042357,-0.00021961899933735035,-0.005494147998336089,0.0,0.0
147,6.521652904144396e-65,0.0,0.0,0.0,0.0,0.0,0.0015988237130956993,-0.001042516894421344,0.000914309834546157,0.00169886721613624,0.0,0.0,0.0015988237130956993,-0.001042516894421344,0.000914309834546157,0.00169886721613624,0.0,0.0
148,1.5415773079065123e-124,0.0,0.0,0.0,0.0,0.0,-0.0018904587394810916,-0.000341004328723367,-0.00301575106424299,0.0030122092434856744,0.0,0.0,-0.0018904587394810916,-0.000341004328723367,-0.00301575106424299,0.0030122092434856744,0.0,0.0
149,1.1909363681873592e-24,0.0,0.0,0.0,0.0,0.0,0.006044227713377802,-0.01648173356525711,-0.005732759692197477,0.007278181376581492,0.0,0.0,0.006044227713377802,-0.01648173356525711,-0.005732759692197477,0.007278181376581492,0.0,0.0
150,2.803664459403799e-20,0.0,0.0,0.0,0.0,0.0,-0.006012067021554479,-0.005855961470842615,-0.00582594680015629,0.009743304614615868,0.0,0.0,-0.006012067021554479,-0.005855961470842615,-0.00582594680015629,0.009743304614615868,0.0,0.0
151,0.3383627980580859,0.0,0.0,0.0,0.0,0.0,-0.052889294037333084,0.026120845352612068,0.03952650358374739,0.02502719094665128,0.0,0.0,0.2854735040207528,0.026120845352612068,0.03952650358374739,0.02502719094665128,0.0,0.0
152,1.9273683531508568e-196,0.0,0.0,0.0,0.0,0.0,0.00022206303417128653,-0.0006570999794140636,0.0011130651104766796,0.0015013907118867078,0.0,0.0,0.00022206303417128653,-0.0006570999794140636,0.0011130651104766796,0.0015013907118867078,0.0,0.0
153,2.088603232658442e-12,0.0,0.0,0.0,0.0,0.0,-0.00593368406942666,0.008391252560216758,-0.0062586544783545485,-0.00113712719946744,0.0,0.0,-0.005933684067338056,0.008391252560216758,-0.0062586544783545485,-0.00113712719946744,0.0,0.0
154,1.3627822231861141e-201,0.0,0.0,0.0,0.0,0.0,0.00015210433583576254,-0.0003488587799435589,0.0009424975317966946,0.0016978223058259799,0.0,0.0,0.00015210433583576254,-0.0003488587799435589,0.0009424975317966946,0.0016978223058259799,0.0,0.0
155,4.15586305210037e-62,0.0,0.0,0.0,0.0,0.0,0.0020656148816307752,0.0009546037822253557,0.00429265612432175,-0.0010732042019018576,0.0,0.0,0.0020656148816307752,0.0009546037822253557,0.00429265612432175,-0.0010732042019018576,0.0,0.0
156,7.466595901901167e-134,0.0,0.0,0.0,0.0,0.0,-0.001486436959871365,-0.0006234332738487443,-0.003510229401474957,0.001616063921108706,0.0,0.0,-0.001486436959871365,-0.0006234332738487443,-0.003510229401474957,0.001616063921108706,0.0,0.0
157,8.550952380852939e-185,0.0,0.0,0.0,0.0,0.0,0.001756345831121714,-0.001297086751578434,0.002376556105159293,-0.0005679278687775705,0.0,0.0,0.001756345831121714,-0.001297086751578434,0.002376556105159293,-0.0005679278687775705,0.0,0.0
158,1.12833025844316e-32,0.0,0.0,0.0,0.0,0.0,-0.0043257432125039024,-0.004967330704672533,-0.0003914149053879054,-0.0022377476445978204,0.0,0.0,-0.0043257432125039024,-0.004967330704672533,-0.0003914149053879054,-0.0022377476445978204,0.0,0.0
159,2.466227944686976e-22,0.0,0.0,0.0,0.0,0.0,0.0008287657003768953,-0.012557183075381456,-0.004073282948662268,0.008409227139219986,0.0,0.0,0.0008287657003768953,-0.012557183075381456,-0.004073282948662268,0.008409227139219986,0.0,0.0
160,2.4239196506766456e-123,0.0,0.0,0.0,0.0,0.0,-0.0010662496214631644,-0.00046678435037940874,-0.001920507714238795,0.0011066558486646126,0.0,0.0,-0.0010662496214631644,-0.00046678435037940874,-0.001920507714238795,0.0011066558486646126,0.0,0.0
161,4.935587535106881e-143,0.0,0.0,0.0,0.0,0.0,-0.0011614795428757999,-0.0006119395006857766,-0.0030579275215068197,-0.0011929842515773334,0.0,0.0,-0.0011614795428757999,-0.0006119395006857766,-0.0030579275215068197,-0.0011929842515773334,0.0,0.0
162,2.563651244464298e-132,0.0,0.0,0.0,0.0,0.0,-0.0011732772765886904,-0.00028035664106453696,-0.0031126633017327316,0.0022568856175315096,0.0,0.0,-0.0011732772765886904,-0.00028035664106453696,-0.0031126633017327316,0.0022568856175315096,0.0,0.0
163,6.466146116567327e-132,0.0,0.0,0.0,0.0,0.0,-0.00024479065970004594,-0.00010486621187816998,-0.0013235835128843196,-0.0032859232442654968,0.0,0.0,-0.00024479065970004594,-0.00010486621187816998,-0.0013235835128843196,-0.0032859232442654968,0.0,0.0
164,4.798185104186441e-143,0.0,0.0,0.0,0.0,0.0,0.0008747595604084451,-0.0006070819702873344,-0.004615056138209317,0.0014445769708248144,0.0,0.0,0.0008747595604084451,-0.0006070819702873344,-0.004615056138209317,0.0014445769708248144,0.0,0.0
165,9.140514782666888e-91,0.0,0.0,0.0,0.0,0.0,-0.0002694047254815996,0.0018874946018138002,-0.00040376282916731283,0.001758074528821525,0.0,0.0,-0.0002694047254815996,0.0018874946018138002,-0.00040376282916731283,0.001758074528821525,0.0,0.0
166,3.134045381176215e-133,0.0,0.0,0.0,0.0,0.0,-0.000491427463500845,-0.0004029368657936927,-0.0016545832535872702,-0.003528339145893186,0.0,0.0,-0.000491427463500845,-0.0004029368657936927,-0.0016545832535872702,-0.003528339145893186,0.0,0.0
167,3.4954259730155875e-70,0.0,0.0,0.0,0.0,0.0,0.001490621836141035,-0.00031006233215888037,0.0002602186093265018,0.0019478162070493167,0.0,0.0,0.001490621836141035,-0.00031006233215888037,0.0002602186093265018,0.0019478162070493167,0.0,0.0
168,1.3906842533302925e-181,0.0,0.0,0.0,0.0,0.0,0.0003021262244349946,-0.0006781874111611214,0.002252122436890413,0.00011200784309200363,0.0,0.0,0.0003021262244349946,-0.0006781874111611214,0.002252122436890413,0.00011200784309200363,0.0,0.0
169,1.1921597742799757e-197,0.0,0.0,0.0,0.0,0.0,0.0013899105166303599,-0.0008417131401814709,0.0014126690284114657,0.000292519763371498,0.0,0.0,0.0013899105166303599,-0.0008417131401814709,0.0014126690284114657,0.000292519763371498,0.0,0.0
170,4.264160255646976e-27,0.0,0.0,0.0,0.0,0.0,-0.005862804949162353,-0.0037823025274665977,-0.004416796824209774,-0.005106520900732454,0.0,0.0,-0.005862804949162353,-0.0037823025274665977,-0.004416796824209774,-0.005106520900732454,0.0,0.0
171,6.662872213942653e-35,0.0,0.0,0.0,0.0,0.0,-0.002747201210792849,-0.005627940773665018,0.0012805428280386743,-0.0032351361554085888,0.0,0.0,-0.002747201210792849,-0.005627940773665018,0.0012805428280386743,-0.0032351361554085888,0.0,0.0
172,1.0,0.0,0.0,0.0,0.0,0.0,0.2505156531122163,0.03869877454202892,0.12861500728862169,0.019460696427254096,0.0,0.0,1.2505156531122164,0.03869877454202892,0.12861500728862169,0.019460696427254096,0.0,0.0
173,6.248834587535817e-208,0.0,0.0,0.0,0.0,0.0,0.0009887932830900505,-0.0005549866498199539,0.0006124961660338041,0.001073772200915938,0.0,0.0,0.0009887932830900505,-0.0005549866498199539,0.0006124961660338041,0.001073772200915938,0.0,0.0
174,6.055040627272188e-13,0.0,0.0,0.0,0.0,0.0,-0.002917193537800501,0.005367287512810317,-0.007405459485359676,-0.0054834774413416235,0.0,0.0,-0.002917193537194997,0.005367287512810317,-0.007405459485359676,-0.0054834774413416235,0.0,0.0
175,1.5896422045380781e-74,0.0,0.0,0.0,0.0,0.0,0.001657737090736398,0.0016662015299224702,0.001694872248152316,0.001997931315709327,0.0,0.0,0.001657737090736398,0.0016662015299224702,0.001694872248152316,0.001997931315709327,0.0,0.0
176,1.0329389639345983e-173,0.0,0.0,0.0,0.0,0.0,-5.155466608423045e-05,-0.0003528989647569568,-0.00021211592615245683,-0.0017712138712677903,0.0,0.0,-5.155466608423045e-05,-0.0003528989647569568,-0.00021211592615245683,-0.0017712138712677903,0.0,0.0
177,1.7285049648441747e-25,0.0,0.0,0.0,0.0,0.0,-0.00587315935403465,-0.0027244982951709893,-0.0032632062487903905,-0.005646647169333634,0.0,0.0,-0.00587315935403465,-0.0027244982951709893,-0.0032632062487903905,-0.005646647169333634,0.0,0.0
178,1.3767992572592884e-17,0.0,0.0,0.0,0.0,0.0,-0.008252855012322998,-0.005086654474329193,-0.0021700825892687087,0.009957169814667648,0.0,0.0,-0.008252855012322985,-0.005086654474329193,-0.0021700825892687087,0.009957169814667648,0.0,0.0
179,1.246764151980176e-16,0.0,0.0,0.0,0.0,0.0,-0.009715719618990431,0.006306706859098188,-0.006380885273299843,0.0065816507129988775,0.0,0.0,-0.009715719618990306,0.006306706859098188,-0.006380885273299843,0.0065816507129988775,0.0,0.0
180,2.5024869888381794e-144,0.0,0.0,0.0,0.0,0.0,0.0015152078682831392,-0.0012366358206540905,-0.0037304873119796177,0.0013437977459375072,0.0,0.0,0.0015152078682831392,-0.0012366358206540905,-0.0037304873119796177,0.0013437977459375072,0.0,0.0
181,1.620676387605775e-153,0.0,0.0,0.0,0.0,0.0,0.00027633449524161496,-0.0005912875877491041,-0.0028322709283559386,-0.00023208006161305622,0.0,0.0,0.00027633449524161496,-0.0005912875877491041,-0.0028322709283559386,-0.00023208006161305622,0.0,0.0
182,6.38701334030209e-13,0.0,0.0,0.0,0.0,0.0,-0.004486299761724632,0.0045761127847056765,-0.006752886811316912,-0.005316407220148851,0.0,0.0,-0.00448629976108593,0.0045761127847056765,-0.006752886811316912,-0.005316407220148851,0.0,0.0
183,4.9112097814687215e-161,0.0,0.0,0.0,0.0,0.0,-0.000607141559217629,-0.0009248763455561398,0.000765033386289738,-0.001654211666430228,0.0,0.0,-0.000607141559217629,-0.0009248763455561398,0.000765033386289738,-0.001654211666430228,0.0,0.0
184,5.58532200391213e-156,0.0,0.0,0.0,0.0,0.0,-0.0005362426399553757,-0.0002538627930813268,-0.00014129673695153537,-0.00224261533255046,0.0,0.0,-0.0005362426399553757,-0.0002538627930813268,-0.00014129673695153537,-0.00224261533255046,0.0,0.0
185,1.5760837247560501e-143,0.0,0.0,0.0,0.0,0.0,0.0005023871487210349,-0.0008011542821598198,-0.0037929600900277654,0.0006192618967504006,0.0,0.0,0.0005023871487210349,-0.0008011542821598198,-0.0037929600900277654,0.0006192618967504006,0.0,0.0
186,1.1240034057223066e-21,0.0,0.0,0.0,0.0,0.0,-0.0017668533318523643,-0.002901062750475225,0.0024931919745578134,-0.010468430661494029,0.0,0.0,-0.0017668533318523643,-0.002901062750475225,0.0024931919745578134,-0.010468430661494029,0.0,0.0
187,5.935763631557703e-63,0.0,0.0,0.0,0.0,0.0,0.0019950726932339365,0.0004630056773511996,0.003913979031308238,0.00024135554233480584,0.0,0.0,0.0019950726932339365,0.0004630056773511996,0.003913979031308238,0.00024135554233480584,0.0,0.0
188,6.540631453484914e-175,0.0,0.0,0.0,0.0,0.0,-6.633114335840215e-05,-0.0006936200540163436,-0.0010320440701219802,-0.0028184356892448545,0.0,0.0,-6.633114335840215e-05,-0.0006936200540163436,-0.0010320440701219802,-0.0028184356892448545,0.0,0.0
189,1.2345030260560413e-164,0.0,0.0,0.0,0.0,0.0,0.0002650118701206735,-0.000780578020664514,0.002443043335865953,-0.001316296614374698,0.0,0.0,0.0002650118701206735,-0.000780578020664514,0.002443043335865953,-0.001316296614374698,0.0,0.0
190,1.1409836647684865e-43,0.0,0.0,0.0,0.0,0.0,0.0009560910999495097,-0.003204937602058391,0.0014321178532323649,-0.005243700743065686,0.0,0.0,0.0009560910999495097,-0.003204937602058391,0.0014321178532323649,-0.005243700743065686,0.0,0.0
191,1.5009600735489664e-214,0.0,0.0,0.0,0.0,0.0,0.0003364234843417363,-0.00010997486949412496,-2.930083319576016e-05,0.0013403808616946683,0.0,0.0,0.0003364234843417363,-0.00010997486949412496,-2.930083319576016e-05,0.0013403808616946683,0.0,0.0
192,3.536822302452679e-12,0.0,0.0,0.0,0.0,0.0,-0.013602967606490667,0.0005781024953469056,0.007810889090095918,0.01416253850866495,0.0,0.0,-0.013602967602953845,0.0005781024953469056,0.007810889090095918,0.01416253850866495,0.0,0.0
193,2.3559496230873134e-155,0.0,0.0,0.0,0.0,0.0,-0.00046703514930502275,-0.0001909313764067573,2.635109691552788e-06,-0.003202290260158464,0.0,0.0,-0.00046703514930502275,-0.0001909313764067573,2.635109691552788e-06,-0.003202290260158464,0.0,0.0
194,4.0044260723494e-177,0.0,0.0,0.0,0.0,0.0,0.00017552570856291225,-0.00026419793928513045,0.00017541455441485388,-0.0017252226368331073,0.0,0.0,0.00017552570856291225,-0.00026419793928513045,0.00017541455441485388,-0.0017252226368331073,0.0,0.0
195,1.0770901985615344e-127,0.0,0.0,0.0,0.0,0.0,-0.0004720317805140862,-0.000335463223844205,-0.001196934780115454,-0.0026358590849868664,0.0,0.0,-0.0004720317805140862,-0.000335463223844205,-0.001196934780115454,-0.0026358590849868664,0.0,0.0
196,5.1820242599986575e-158,0.0,0.0,0.0,0.0,0.0,7.694252141877679e-05,-0.0004778380418024058,0.002109303678315549,-0.001398379604829797,0.0,0.0,7.694252141877679e-05,-0.0004778380418024058,0.002109303678315549,-0.001398379604829797,0.0,0.0
197,1.0254738042222712e-67,0.0,0.0,0.0,0.0,0.0,0.001394896572081716,0.000783874530585946,0.00227079999569184,0.0016673455665876498,0.0,0.0,0.001394896572081716,0.000783874530585946,0.00227079999569184,0.0016673455665876498,0.0,0.0
198,1.9063104105875368e-27,0.0,0.0,0.0,0.0,0.0,0.0067137024793130435,-0.011278222603831035,-0.00556681732290822,0.0062918086728478645,0.0,0.0,0.0067137024793130435,-0.011278222603831035,-0.00556681732290822,0.0062918086728478645,0.0,0.0
199,6.573948168554764e-167,0.0,0.0,0.0,0.0,0.0,-0.0004569992756378096,3.925915906622036e-05,0.002257915408005783,-0.0003344900011125448,0.0,0.0,-0.0004569992756378096,3.925915906622036e-05,0.002257915408005783,-0.0003344900011125448,0.0,0.0
